"101","Bottle Rocket (1996)","1996-02-21","Wes Anderson","Ned Dowd, Luke Wilson, Owen Wilson, Shea Fowler, James Caan","0115734","13685","Adventure,Comedy,Crime,Romance"
"102","Mr. Wrong (1996)","1996-02-16","Nick Castle","Bill Pullman, Dean Stockwell, Joan Cusack, Ellen DeGeneres","0117102","47475","Comedy"
"103","Unforgettable (1996)","1996-02-23","John Dahl","Peter Coyote, Ray Liotta, Christopher McDonald, Linda Fiorentino","0118040","2045","Mystery,Sci-Fi,Thriller"
"104","Happy Gilmore (1996)","1996-02-16","Dennis Dugan","Christopher McDonald, Adam Sandler, Frances Bay, Julie Bowen, Carl Weathers","0116483","9614","Comedy"
"105","Bridges of Madison County, The (1995)","1995-06-02","Clint Eastwood","Clint Eastwood, Meryl Streep, Annie Corley, Victor Slezak","0112579","688","Drama,Romance"
"106","Nobody Loves Me (Keiner liebt mich) (1994)","1996-02-09","Doris Dörrie","Maria Schrader, Pierre Sanoussi-Bliss, Michael von Au, Elisabeth Trissenaar","0110251","11907","Comedy,Drama"
"107","Muppet Treasure Island (1996)","1996-02-16","Brian Henson","Kevin Bishop, Billy Connolly, Tim Curry, Jennifer Saunders","0117110","10874","Adventure,Children,Comedy,Musical"
"110","Braveheart (1995)","1995-05-24","Mel Gibson","Mel Gibson, Brian Cox, Sophie Marceau, Catherine McCormack, Brendan Gleeson, Patrick McGoohan, Peter Hanly, Tommy Flanagan","0112573","197","Action,Drama,War"
"111","Taxi Driver (1976)","1976-01-01","Martin Scorsese","Robert De Niro, Cybill Shepherd, Peter Boyle, Jodie Foster, Harvey Keitel, Albert Brooks","0075314","103","Crime,Drama,Thriller"
"112","Rumble in the Bronx (Hont faan kui) (1995)","1996-02-23","Stanley Tong","Jackie Chan, Anita Mui, Françoise Yip, Bill Tung","0113326","33542","Action,Adventure,Comedy,Crime"
"113","Before and After (1996)","1996-02-23","Barbet Schroeder","Edward Furlong, Liam Neeson, Meryl Streep, Julia Weldon","0115645","43566","Drama,Mystery"
"114","Margaret's Museum (1995)","1996-01-26","Mort Ransen","Craig Olejnik, Clive Russell, Helena Bonham Carter, Kate Nelligan","0113774","71754","Drama"
"115","Happiness Is in the Field (Bonheur est dans le pré, Le) (1995)","1997-01-31","Étienne Chatiliez","Michel Serrault, Eddy Mitchell, Sabine Azéma","0112556","43612","Comedy"
"116","Anne Frank Remembered (1995)","1996-02-23","Jon Blair","Kenneth Branagh, Glenn Close, Anne Frank","0112373","51352","Documentary"
"117","Young Poisoner's Handbook, The (1995)","1996-02-23","Benjamin Ross","Tobias Arnold, Roger Lloyd-Pack, Hugh O'Conor, Antony Sher, Charlotte Coleman","0115033","16934","Crime,Drama"
"118","If Lucy Fell (1996)","1996-03-08","Eric Schaeffer","Eric Schaeffer, Ben Stiller, Elle Macpherson, Sarah Jessica Parker","0116606","10324","Comedy,Romance"
"119","Steal Big, Steal Little (1995)","1995-09-29","Andrew Davis","Alan Arkin, Andy Garcia, Joe Pantoliano, Rachel Ticotin","0114536","78406","Comedy"
"120","Race the Sun (1996)","1996-01-01","Charles T. Kanganis","Halle Berry, Casey Affleck, Eliza Dushku, Kevin Tighe, Anthony Ruivivar, Steve Zahn, Dion Basco, Nadja Pionilla, Bill Hunter, James Belushi","0117427","55731","Adventure,Comedy,Drama"
"121","Boys of St. Vincent, The (1992)","1994-06-03","John N. Smith","Henry Czerny, Johnny Morina, Brian Dooley, Philip Dinn, Brian Dodd","0106473","32119","Drama"
"122","Boomerang (1992)","1992-01-01","Reginald Hudlin","David Alan Grier, Eddie Murphy, Halle Berry, Robin Givens","0103859","11066","Comedy,Romance"
"123","Chungking Express (Chung Hing sam lam) (1994)","1996-03-08","Wong Kar-wai","Brigitte Lin,Tony Leung Chiu Wai, Faye Wong, Takeshi Kaneshiro, Valerie Chow, Chen Jinquan","0109424","11104","Drama,Mystery,Romance"
"124","Star Maker, The (Uomo delle stelle, L') (1995)","1996-03-01","Giuseppe Tornatore","Sergio Castellitto, Tiziana Lodato, Franco Scaldati, Leopoldo Trieste","0114808","37975","Drama"
"125","Flirting With Disaster (1996)","1996-03-22","David O. Russell","Ben Stiller, Patricia Arquette, Téa Leoni, Alan Alda, Mary Tyler Moore, George Segal, Lily Tomlin","0116324","2074","Comedy"
"126","NeverEnding Story III, The (1994)","1996-02-02","Peter MacDonald","Jack Black, Jason James Richter, Carole Finn, Melody Kay","0110647","27793","Adventure,Children,Fantasy"
"127","Silences of the Palace, The (Saimt el Qusur) (1994)","1995-09-01","Moufida Tlatli","Amel Hedhili, Najia Ouerghi, Hend Sabri, Fatima Ben Saïdane, Zahira Ben Ammar","0111055","44284","Drama"
"128","Jupiter's Wife (1994)","1996-02-09","Michel Negroponte","Maggie Cogan","0110217","290157","Documentary"
"129","Pie in the Sky (1996)","1996-02-09","Bryan Gordon","Josh Charles, Anne Heche, John Goodman, Christine Lahti, Christine Ebersole","0114131","110972","Comedy,Romance"
"130","Angela (1995)","1996-01-26","Rebecca Miller","John Ventimiglia, Charlotte Eve Blythe, Anna Levine, Miranda Stuart Rhyne, Vincent Gallo","0112364","32622","Drama"
"131","Frankie Starlight (1995)","1995-01-01","Michael Lindsay-Hogg","Gabriel Byrne, Owen Roe, Niall Toibin, Corban Walker","0113107","73067","Drama,Romance"
"132","Jade (1995)","1995-10-13","William Friedkin","David Caruso, Linda Fiorentino, Chazz Palminteri, Richard Crenna, Michael Biehn, Donna Murphy, Holt McCallany, Angie Everhart, Kevin Tighe, Robin Thomas, Victor Wong","0113451","11863","Thriller"
"133","Nueba Yol (1995)","1995-01-01","Ángel Muñiz","Raúl Carbonell, Luisito Marti, Rafael Villalona, Caridad Ravelo","0114015","55475","Comedy,Drama"
"134","Sonic Outlaws (1995)","1996-02-14","Craig Baldwin","","0114500","124636","Documentary"
"135","Down Periscope (1996)","1996-03-01","David S. Ward","Kelsey Grammer, Lauren Holly, Rob Schneider, Harry Dean Stanton, Bruce Dern, William H. Macy, Ken Hudson Campbell, Toby Huss, Duane Martin, Jonathan Penner, Bradford Tatum, Harland Williams, Rip Torn, Matt Landers, Patton Oswalt, Dennis Fimple, ","0116130","9101","Comedy"
"136","From the Journals of Jean Seberg (1995)","1996-03-01","Mark Rappaport","Mary Beth Hurt","0113125","123360","Documentary"
"137","Man of the Year (1995)","1996-03-01","Dirk Shafer","Cal Bartlett, Michael Marisi Ornstein, Vivian Paxton, Claudette Sutherland","0113756","5757","Documentary"
"138","Neon Bible, The (1995)","1996-03-01","Terence Davies","Drake Bell, Jacob Tierney, Gena Rowlands, Diana Scarwid","0113952","39428","Drama"
"140","Up Close and Personal (1996)","1996-03-01","Jon Avnet","Robert Redford, Michelle Pfeiffer, Stockard Channing, Joe Mantegna, Kate Nelligan, Dedee Pfeiffer, Glenn Plummer","0118055","9302","Drama,Romance"
"141","Birdcage, The (1996)","1996-03-08","Mike Nichols","Gene Hackman, Nathan Lane, Robin Williams, Dianne Wiest, Dan Futterman, Calista Flockhart, Hank Azaria","0115685","11000","Comedy"
"143","Gospa (1995)","1995-10-13","Jakov Sedlar","Paul Guilfoyle, Martin Sheen, Michael York, Morgan Fairchild","0113200","249882","Drama"
"144","Brothers McMullen, The (1995)","1995-08-09","Edward Burns","Shari Albert, Maxine Bahns, Catharine Bolz, Connie Britton","0112585","16388","Comedy"
"145","Bad Boys (1995)","1995-04-07","Michael Bay","Will Smith, Martin Lawrence, Tchéky Karyo, Téa Leoni, Theresa Randle, Joe Pantoliano, Marg Helgenberger, Nestor Serrano, Julio Oscar Mechoso, Michael Imperioli, Michael Taliferro, Marc Macaulay, Saverio Guerra, Shaun Toub, Kevin Corrigan, John Salley, Kim Coates","0112442","9737","Action,Comedy,Crime,Drama,Thriller"
"146","Amazing Panda Adventure, The (1995)","1995-08-25","Christopher Cain","Wang Fei, Stephen Lang, Ryan Slater, Yi Ding","0112342","30765","Adventure,Children"
"147","Basketball Diaries, The (1995)","1995-01-01","Scott Kalvert","Leonardo DiCaprio, Lorraine Bracco, Marilyn Sokol, James Madio, Mark Wahlberg, Vincent Pastore, Bruno Kirby, Alexander Chaplin, Juliette Lewis, Michael Imperioli, Ernie Hudson, Cynthia Daniel, Brittany Daniel, Toby Huss, Michael Rapaport","0112461","10474","Drama"
"148","Awfully Big Adventure, An (1995)","1995-07-21","Mike Newell","Alan Rickman, Hugh Grant, Georgina Cates, Alun Armstrong, Peter Firth","0112427","22279","Drama"
"149","Amateur (1994)","1995-05-19","Hal Hartley","Martin Donovan, Damian Young, Isabelle Huppert, Elina Löwensohn","0109093","30157","Crime,Drama,Thriller"
"150","Apollo 13 (1995)","1995-06-30","Ron Howard","Tom Hanks, Kevin Bacon, Bill Paxton, Gary Sinise, Ed Harris","0112384","568","Adventure,Drama,IMAX"
"151","Rob Roy (1995)","1995-04-07","Michael Caton-Jones","John Hurt, Liam Neeson, Tim Roth, Jessica Lange, Eric Stoltz","0114287","11780","Action,Drama,Romance,War"
"152","Addiction, The (1995)","1995-10-04","Abel Ferrara","Christopher Walken, Edie Falco, Annabella Sciorra, Lili Taylor","0112288","34996","Drama,Horror"
"153","Batman Forever (1995)","1995-01-01","Joel Schumacher","Jim Carrey, Tommy Lee Jones, Val Kilmer, Nicole Kidman","0112462","414","Action,Adventure,Comedy,Crime"
"154","Beauty of the Day (Belle de jour) (1967)","1967-05-24","Luis Buñuel","Michel Piccoli, Jean Sorel, Catherine Deneuve, Geneviève Page","0061395","649","Drama"
"155","Beyond Rangoon (1995)","1995-08-25","John Boorman","U Aung Ko, Patricia Arquette, Frances McDormand","0112495","1873","Adventure,Drama,War"
"156","Blue in the Face (1995)","1995-01-01","Paul Auster, Wayne Wang","Lou Reed, Michael J. Fox, Roseanne, Jim Jarmusch, Lily Tomlin, Jared Harris, Giancarlo Esposito, Malik Yoba, José Zúñiga, Victor Argo, Stephen Gevedon, Madonna, Mira Sorvino, Keith David, Harvey Keitel, Michael Badalucco, Debra Wilson, RuPaul, ","0112541","5894","Comedy,Drama"
"157","Canadian Bacon (1995)","1995-09-22","Michael Moore","John Candy, Alan Alda, Rhea Perlman, Kevin Pollak, Rip Torn","0109370","1775","Comedy,War"
"158","Casper (1995)","1995-01-01","Brad Silberling","Chauncey Leopardi, Cathy Moriarty, Eric Idle, Ben Stein, Fred Rogers, Bill Pullman, Christina Ricci, Brad Garrett, Garette Ratliff Henson, Amy Brenneman, Devon Sawa, Dan Aykroyd, Rodney Dangerfield, Clint Eastwood, Mel Gibson","0112642","8839","Adventure,Children"
"159","Clockers (1995)","1995-09-13","Spike Lee","Harvey Keitel, Delroy Lindo, Mekhi Phifer, John Turturro","0112688","20649","Crime,Drama,Mystery"
"160","Congo (1995)","1995-06-09","Frank Marshall","Laura Linney, Dylan Walsh, Ernie Hudson, Tim Curry, Grant Heslov, Joe Don Baker, Mary Ellen Trainor, Stuart Pankin, James Karen, John Hawkes, Peter Jason, Thom Barry, E.J. Callahan, Bruce Campbell, Taylor Nichols, Adewale Akinnuoye-Agbaje, Delroy Lindo, Joe Pantoliano","0112715","10329","Action,Adventure,Mystery,Sci-Fi"
"161","Crimson Tide (1995)","1995-05-12","Tony Scott","Denzel Washington, Gene Hackman, Matt Craven, George Dzundza, James Gandolfini, Viggo Mortensen","0112740","8963","Drama,Thriller,War"
"162","Crumb (1994)","1995-04-28","Terry Zwigoff","Robert Crumb, Aline Kominsky, Charles Crumb, Maxon Crumb, Robert Hughes","0109508","26564","Documentary"
"163","Desperado (1995)","1995-01-01","Robert Rodriguez","Antonio Banderas, Joaquim de Almeida, Cheech Marin, Salma Hayek, Steve Buscemi, Quentin Tarantino, Danny Trejo, Carlos Gallardo, Jaime de Hoyos, Carlos Gómez","0112851","8068","Action,Romance,Western"
"164","Devil in a Blue Dress (1995)","1995-01-01","Carl Franklin","Don Cheadle, Tom Sizemore, Denzel Washington, Jennifer Beals","0112857","8512","Crime,Film-Noir,Mystery,Thriller"
"165","Die Hard: With a Vengeance (1995)","1995-05-15","John McTiernan","Bruce Willis, Jeremy Irons, Samuel L. Jackson, Nicholas Wyman, Larry Bryggman, Colleen Camp","0112864","1572","Action,Crime,Thriller"
"166","Doom Generation, The (1995)","1995-10-25","Gregg Araki","James Duval, Rose McGowan, Jonathan Schaech","0112887","13552","Comedy,Crime,Drama"
"168","First Knight (1995)","1995-07-07","Jerry Zucker","Sean Connery, Ben Cross, Richard Gere, Julia Ormond, John Gielgud, Liam Cunningham","0113071","6520","Action,Drama,Romance"
"169","Free Willy 2: The Adventure Home (1995)","1995-01-01","Dwight H. Little","Francis Capra, Jason James Richter, August Schellenberg, Mary Kate Schellhardt","0113114","9073","Adventure,Children,Drama"
"170","Hackers (1995)","1995-09-15","Iain Softley","Jesse Bradford, Matthew Lillard, Jonny Lee Miller, Angelina Jolie, Fisher Stevens","0113243","10428","Action,Adventure,Crime,Thriller"
"171","Jeffrey (1995)","1995-08-04","Christopher Ashley","Steven Weber, Michael T. Weiss, Patrick Stewart, Bryan Batt","0113464","17447","Comedy,Drama"
"172","Johnny Mnemonic (1995)","1995-01-01","Robert Longo","Ice-T , Takeshi Kitano, Keanu Reeves, Dina Meyer, Dennis Akayama, Dolph Lundgren, Henry Rollins, Barbara Sukowa, Udo Kier, Tracy Tweed","0113481","9886","Action,Sci-Fi,Thriller"
"173","Judge Dredd (1995)","1995-06-30","Danny Cannon","Sylvester Stallone, Armand Assante, Rob Schneider, Diane Lane, Jürgen Prochnow, Max von Sydow, Joan Chen, Ewen Bremner","0113492","9482","Action,Crime,Sci-Fi"
"174","Jury Duty (1995)","1995-01-01","John Fortenberry","Brian Doyle-Murray, Pauly Shore, Stanley Tucci, Tia Carrere","0113500","19326","Comedy"
"175","Kids (1995)","1995-07-28","Larry Clark","Joseph Chan, Leo Fitzpatrick, Justin Pierce, Sarah Henderson, Chloë Sevigny, Rosario Dawson","0113540","9344","Drama"
"176","Living in Oblivion (1995)","1995-01-01","Tom DiCillo","Steve Buscemi, Dermot Mulroney, Catherine Keener, Danielle von Zerneck","0113677","9071","Comedy"
"177","Lord of Illusions (1995)","1995-08-25","Clive Barker","Scott Bakula, Kevin J. O'Connor, Vincent Schiavelli, Famke Janssen","0113690","8973","Horror"
"178","Love & Human Remains (1993)","1995-06-23","Denys Arcand","Cameron Bancroft, Thomas Gibson, Mia Kirshner, Ruth Marshall","0107447","15730","Comedy,Drama"
"179","Mad Love (1995)","1995-01-01","Antonia Bird","Richard Chaim, Matthew Lillard, Chris O'Donnell, Drew Barrymore","0113729","47608","Drama,Romance"
"180","Mallrats (1995)","1995-10-20","Kevin Smith","Jason Lee, Jeremy London, Shannen Doherty, Claire Forlani, Ben Affleck, Joey Lauren Adams, Jason Mewes","0113749","2293","Comedy,Romance"
"181","Mighty Morphin Power Rangers: The Movie (1995)","1995-01-01","Bryan Spicer","Johnny Yong Bosch, Steve Cardenas, Jason David Frank, Karan Ashley","0113820","9070","Action,Children"
"182","Moonlight and Valentino (1995)","1995-01-01","David Anspaugh","Whoopi Goldberg, Erica Luttrell, Elizabeth Perkins, Shadia Simmons","0113851","68274","Drama,Romance"
"183","Mute Witness (1994)","1995-09-15","Anthony Waller","Evan Richards, Oleg Yankovsky, Fay Ripley, Marina Zudina, Alec Guinness","0110604","48787","Comedy,Horror,Thriller"
"184","Nadja (1994)","1995-08-25","Michael Almereyda","Peter Fonda, Karl Geary, Nic Ratner, Elina Löwensohn","0110620","34574","Drama"
"185","Net, The (1995)","1995-07-28","Irwin Winkler","Sandra Bullock, Jeremy Northam, Dennis Miller, Diane Baker, Wendy Gazelle, Ken Howard","0113957","1642","Action,Crime,Thriller"
"186","Nine Months (1995)","1995-01-01","Chris Columbus","Tom Arnold, Hugh Grant, Joan Cusack, Julianne Moore, Jeff Goldblum, Robin Williams, Mia Cottet","0113986","11472","Comedy,Romance"
"187","Party Girl (1995)","1995-06-09","Daisy von Scherler Mayer","Parker Posey, Omar Townsend, Sasha von Scherler","0114095","36196","Comedy"
"188","Prophecy, The (1995)","1995-09-01","Gregory Widen","Elias Koteas, Eric Stoltz, Christopher Walken, Virginia Madsen, Viggo Mortensen","0114194","11980","Fantasy,Horror,Mystery"
"189","Reckless (1995)","1995-01-01","Norman René","Mia Farrow, Tony Goldwyn","0114241","58372","Comedy,Fantasy"
"190","Safe (1995)","1995-01-01","Todd Haynes","Xander Berkeley, Peter Friedman, Julianne Moore, Susan Norman","0114323","32646","Thriller"
"191","Scarlet Letter, The (1995)","1995-01-01","Roland Joffé","Robert Duvall, Gary Oldman, Lisa Joliffe-Andoh, Demi Moore","0114345","10533","Drama,Romance"
"192","The Show (1995)","1995-08-25","Brian Robbins","","0114435","56088","Documentary"
"193","Showgirls (1995)","1995-09-22","Paul Verhoeven","Elizabeth Berkley, Kyle MacLachlan, Gina Gershon, Glenn Plummer, Robert Davi, Alan Rachins, Gina Ravera, Lin Tucci, Al Ruscio, Rena Riffel, Jack McGee, Bobbie Phillips, Alexander Folk, Jim Wise, ","0114436","10802","Drama"
"194","Smoke (1995)","1995-06-09","Wayne Wang, Paul Auster","Harvey Keitel, William Hurt, Forest Whitaker, Jared Harris, Giancarlo Esposito, Stephen Gevedon, José Zúñiga, Harold Perrineau, Victor Argo, Stockard Channing, Ashley Judd, Mel Gorham","0114478","10149","Comedy,Drama"
"195","Something to Talk About (1995)","1995-01-01","Lasse Hallström","Robert Duvall, Dennis Quaid, Julia Roberts, Gena Rowlands","0114496","18402","Comedy,Drama,Romance"
"196","Species (1995)","1995-01-01","Roger Donaldson","Grant Gelt, Ben Kingsley, Michael Madsen, Alfred Molina, Ted Prior, Natasha Henstridge","0114508","9348","Horror,Sci-Fi"
"197","Stars Fell on Henrietta, The (1995)","1995-01-01","James Keach","Brian Dennehy, Robert Duvall, Aidan Quinn, Frances Fisher","0114534","139408","Drama"
"198","Strange Days (1995)","1995-10-07","Kathryn Bigelow","Ralph Fiennes, Tom Sizemore, Angela Bassett, Juliette Lewis, Vincent D'Onofrio, Michael Wincott, Glenn Plummer, William Fichtner","0114558","281","Action,Crime,Drama,Mystery,Sci-Fi,Thriller"
"199","Umbrellas of Cherbourg, The (Parapluies de Cherbourg, Les) (1964)","1964-12-16","Jacques Demy","Catherine Deneuve, Nino Castelnuovo, Anne Vernon, Marc Michel, Ellen Farner","0058450","5967","Drama,Musical,Romance"
"200","Tie That Binds, The (1995)","1995-01-01","Wesley Strick","Keith Carradine, Vincent Spano, Daryl Hannah, Moira Kelly","0114666","79593","Thriller"
"201","Three Wishes (1995)","1995-01-01","Martha Coolidge","Patrick Swayze, Mary Elizabeth Mastrantonio, Joseph Mazzello, Seth Mumy, Jay O. Sanders, Michael O'Keefe, John Diehl, Diane Venora, Brock Pierce, Scott Patterson, Annabelle Gurwitch, Neal McDonough, Bill Mumy, Colleen Camp, Garette Ratliff Henson, D.B. Sweeney","0114663","47939","Drama,Fantasy"
"202","Total Eclipse (1995)","1995-01-01","Agnieszka Holland","Leonardo DiCaprio, David Thewlis, Dominique Blanc, Romane Bohringer","0114702","36834","Drama,Romance"
"203","To Wong Foo, Thanks for Everything! Julie Newmar (1995)","1995-01-01","Beeban Kidron","John Leguizamo, Wesley Snipes, Patrick Swayze, Stockard Channing","0114682","9090","Comedy"
"204","Under Siege 2: Dark Territory (1995)","1995-07-14","Geoff Murphy","Eric Bogosian, Everett McGill, Steven Seagal, Katherine Heigl","0114781","3512","Action"
"205","Unstrung Heroes (1995)","1995-01-01","Diane Keaton","Maury Chaykin, Michael Richards, John Turturro, Andie MacDowell","0114798","52856","Comedy,Drama"
"206","Unzipped (1995)","1995-08-11","Douglas Keeve","Isaac Mizrahi","0114805","77350","Documentary"
