"954","Mr. Smith Goes to Washington (1939)","1939-10-17","Frank Capra","Edward Arnold, Claude Rains, James Stewart, Jean Arthur","0031679","3083","Drama"
"955","Bringing Up Baby (1938)","1938-01-01","Howard Hawks","Walter Catlett, Cary Grant, Charles Ruggles, Katharine Hepburn","0029947","900","Comedy,Romance"
"956","Penny Serenade (1941)","1941-01-01","George Stevens","Cary Grant, Irene Dunne, Edgar Buchanan, Beulah Bondi","0034012","43795","Drama,Romance"
"957","Scarlet Letter, The (1926)","1926-08-09","Victor Sjöström","Karl Dane, Lars Hanson, Henry B. Walthall, Lillian Gish","0017350","85638","Drama"
"958","Lady of Burlesque (1943)","1943-01-01","William A. Wellman","J. Edward Bromberg, Charles Dingle, Michael O'Shea, Barbara Stanwyck","0036094","50001","Comedy,Mystery"
"959","Of Human Bondage (1934)","1934-06-28","John Cromwell","Leslie Howard, Bette Davis, Frances Dee, Kay Johnson","0025586","43905","Drama"
"960","Angel on My Shoulder (1946)","1946-09-20","Archie Mayo","Paul Muni, Claude Rains, Onslow Stevens, Anne Baxter","0038300","22688","Crime,Drama"
"961","Little Lord Fauntleroy (1936)","1936-01-01","John Cromwell","Freddie Bartholomew, Guy Kibbee, C. Aubrey Smith, Dolores Costello","0027893","23114","Drama"
"962","They Made Me a Criminal (1939)","1939-01-28","Busby Berkeley","John Garfield,Claude Rains,Ann Sheridan,May Robson,Leo Gorcey,Huntz Hall,Ward Bond,Ronald Sinclair","0032022","26378","Crime,Drama"
"963","Inspector General, The (1949)","1949-01-01","Henry Koster","Danny Kaye, Walter Slezak, Barbara Bates, Elsa Lanchester","0041509","40206","Musical"
"964","Angel and the Badman (1947)","1947-01-01","James Edward Grant","Bruce Cabot, Harry Carey, John Wayne, Gail Russell","0039152","22356","Romance,Western"
"965","39 Steps, The (1935)","1935-08-01","Alfred Hitchcock","Robert Donat, Godfrey Tearle, Madeleine Carroll, Lucie Mannheim","0026029","260","Drama,Mystery,Thriller"
"966","A Walk in the Sun (1945)","1945-12-25","Lewis Milestone","Dana Andrews,Richard Conte,George Tyne,John Ireland,Lloyd Bridges,Sterling Holloway,Norman Lloyd,Huntz Hall,Alvin Hammer,Burgess Meredith","0038235","43488","Drama,War"
"967","Outlaw, The (1943)","1943-02-05","Howard Hughes, Howard Hawks","Jack Buetel, Walter Huston, Thomas Mitchell, Jane Russell","0036241","22613","Western"
"968","Night of the Living Dead (1968)","1968-10-01","George A. Romero","Karl Hardman, Duane Jones, Marilyn Eastman, Judith O'Dea","0063350","10331","Horror,Sci-Fi,Thriller"
"969","African Queen, The (1951)","1951-12-23","John Huston","Peter Bull, Theodore Bikel, Humphrey Bogart, Katharine Hepburn, Robert Morley, Walter Gotell","0043265","488","Adventure,Comedy,Romance,War"
"970","Beat the Devil (1953)","1953-11-24","John Huston","Humphrey Bogart, Jennifer Jones, Gina Lollobrigida, Robert Morley, Peter Lorre","0046414","22733","Adventure,Comedy,Crime,Drama,Romance"
"971","Cat on a Hot Tin Roof (1958)","1958-09-20","Richard Brooks","Jack Carson, Burl Ives, Paul Newman, Elizabeth Taylor","0051459","261","Drama"
"972","Last Time I Saw Paris, The (1954)","1954-01-01","Richard Brooks","Van Johnson, Walter Pidgeon, Donna Reed, Elizabeth Taylor","0047162","57575","Drama"
"973","Meet John Doe (1941)","1941-01-01","Frank Capra","Gary Cooper, Barbara Stanwyck, Edward Arnold, Walter Brennan, James Gleason","0033891","32574","Comedy,Drama"
"974","Algiers (1938)","1938-01-01","John Cromwell","Charles Boyer, Joseph Calleia, Sigrid Gurie, Hedy Lamarr","0029855","22657","Drama,Romance"
"975","Something to Sing About (1937)","1937-09-30","Victor Schertzinger","James Cagney, William Frawley, Mona Barrie, Evelyn Daw","0029588","76464","Comedy,Musical"
"976","Farewell to Arms, A (1932)","1932-01-01","Frank Borzage","Gary Cooper, Adolphe Menjou, Helen Hayes, Mary Philips","0022879","22649","Romance,War"
"979","Nothing Personal (1995)","1997-04-30","Thaddeus O'Sullivan","James Frain, Michael Gambon, Ian Hart, John Lynch","0114007","125587","Drama,War"
"980","Yes, Madam (a.k.a. Police Assassins) (a.k.a. In the Line of Duty 2) (Huang gu shi jie) (1985)","1985-11-30","Corey Yuen","Michelle Yeoh, Cynthia Rothrock, John Sham, Hoi Mang, Hark Tsui, Sammo Hung Kam-Bo","0093229","39448","Action"
"981","Dangerous Ground (1997)","1996-09-04","Darrell Roodt","Ice Cube, Wilson Dunster, Thokozani Nkosi, Ron Smerczak","0118927","52855","Drama"
"982","Picnic (1955)","1955-01-01","Joshua Logan","William Holden, Kim Novak, Betty Field, Susan Strasberg, Cliff Robertson, Rosalind Russell","0048491","39940","Drama"
"984","Pompatus of Love, The (1996)","1996-07-26","Richard Schenkman","Jon Cryer, Tim Guinee, Adam Oliensis, Adrian Pasdar","0117357","85328","Comedy,Drama"
"986","Fly Away Home (1996)","1996-09-13","Carroll Ballard","Jeff Daniels, Anna Paquin, Terry Kinney, Dana Delany","0116329","11076","Adventure,Children"
"987","Bliss (1997)","1997-06-06","Lance Young","Craig Sheffer, Casey Siemaszko, Terence Stamp, Sheryl Lee","0118742","63945","Drama,Romance"
"988","Grace of My Heart (1996)","1996-09-13","Allison Anders","Sissy Boyd, Illeana Douglas, Christina Pickles, Jill Sobule","0116442","58985","Comedy,Drama"
"989","Brother of Sleep (Schlafes Bruder) (1995)","1996-09-13","Joseph Vilsmaier","André Eisermann, Dana Vávrová, Ben Becker, Jochen Nickel, Jürgen Schornagel","0114354","890","Drama"
"990","Maximum Risk (1996)","1996-09-13","Ringo Lam","Jean-Claude Van Damme, Natasha Henstridge, Jean-Hugues Anglade, Zach Grenier","0117011","10861","Action,Adventure,Thriller"
"991","Michael Collins (1996)","1996-10-11","Neil Jordan","Ian Hart, Richard Ingram, Liam Neeson, Julia Roberts, Aidan Quinn","0117039","1770","Drama"
"992","Rich Man's Wife, The (1996)","1996-09-13","Amy Holden Jones","Frankie Faison, Peter Greene, Clive Owen, Halle Berry","0117473","44465","Thriller"
"993","Infinity (1996)","1996-10-04","Matthew Broderick","Matthew Broderick, Peter Riegert, Patricia Arquette, Dori Brenner","0116635","2033","Drama"
"994","Big Night (1996)","1996-09-20","Campbell Scott","Marc Anthony, Tony Shalhoub, Stanley Tucci, Minnie Driver, Isabella Rossellini, Liev Schreiber, Ian Holm, Allison Janney","0115678","18203","Comedy,Drama"
"996","Last Man Standing (1996)","1996-09-20","Walter Hill","Bruce Willis, Bruce Dern, William Sanderson, Christopher Walken","0116830","9333","Action,Crime,Drama,Thriller"
"997","Caught (1996)","1996-09-27","Robert M. Young","Edward James Olmos, Arie Verveen, Maria Conchita Alonso, Bitty Schram","0115847","47260","Drama,Thriller"
"998","Set It Off (1996)","1996-09-25","F. Gary Gray","Kimberly Elise, Vivica A. Fox, Queen Latifah, Jada Pinkett Smith","0117603","9400","Action,Crime"
"999","2 Days in the Valley (1996)","1996-09-27","John Herzfeld","Danny Aiello, Greg Cruttwell, Jeff Daniels, Teri Hatcher, Charlize Theron, James Spader","0115438","9401","Crime,Film-Noir"
"1000","Curdled (1996)","1996-09-27","Reb Braddock","William Baldwin, Bruce Ramsay, Lois Chiles, Angela Jones","0115994","12241","Crime"
"1001","Associate, The (Associé, L') (1979)","1982-09-27","René Gainville","Michel Serrault, Claudine Auger, Catherine Alric, Judith Magre, Bernard Haller","0083587","25739","Comedy"
"1003","Extreme Measures (1996)","1996-09-27","Michael Apted","Hugh Grant, Gene Hackman, David Morse, Sarah Jessica Parker","0116259","11306","Drama,Thriller"
"1004","Glimmer Man, The (1996)","1996-10-04","John Gray","Brian Cox, Bob Gunton, Steven Seagal, Keenen Ivory Wayans","0116421","9625","Action,Thriller"
"1005","D3: The Mighty Ducks (1996)","1996-10-04","Robert Lieberman","Emilio Estevez, Jeffrey Nordling, David Selby, Heidi Kling","0116000","10680","Children,Comedy"
"1006","Chamber, The (1996)","1996-10-11","James Foley","Gene Hackman, Chris O'Donnell, Robert Prosky, Faye Dunaway","0115862","6346","Drama"
"1007","Apple Dumpling Gang, The (1975)","1975-01-01","Norman Tokar","Bill Bixby, Tim Conway, Don Knotts, Susan Clark","0072653","18660","Children,Comedy,Western"
"1008","Davy Crockett, King of the Wild Frontier (1955)","1955-05-25","Norman Foster","Fess Parker, Buddy Ebsen, William Bakewell, Basil Ruysdael","0047977","35115","Adventure,Western"
"1009","Escape to Witch Mountain (1975)","1975-01-01","John Hough","Eddie Albert, Ray Milland, Donald Pleasence, Kim Richards","0072951","14821","Adventure,Children,Fantasy"
"1010","Love Bug, The (1969)","1969-01-01","Robert Stevenson","Dean Jones, Michele Lee, David Tomlinson, Buddy Hackett","0064603","14136","Children,Comedy"
"1011","Herbie Rides Again (1974)","1974-06-06","Robert Stevenson","Helen Hayes,Ken Berry,Stefanie Powers,John McIntire,Keenan Wynn,Huntz Hall,Vito Scotti,Raymond Bailey,Chuck McCann,Rod McCary,Don Pedro Colley,Hal Williams,Burt Mustin,Alan Carney","0071607","10869","Children,Comedy,Fantasy,Romance"
"1012","Old Yeller (1957)","1957-12-25","Robert Stevenson","Chuck Connors, Fess Parker, Jeff York, Dorothy McGuire","0050798","22660","Children,Drama"
"1013","Parent Trap, The (1961)","1961-06-21","David Swift","Brian Keith, Hayley Mills, Cathleen Nesbitt, Maureen O'Hara","0055277","19186","Children,Comedy,Romance"
"1014","Pollyanna (1960)","1960-05-19","David Swift","Richard Egan, Karl Malden, Hayley Mills, Nancy Olson, Jane Wyman","0054195","31102","Children,Comedy,Drama"
"1015","Homeward Bound: The Incredible Journey (1993)","1993-02-03","Duwayne Dunham","Don Ameche, Michael J. Fox, Sally Field","0107131","6878","Adventure,Children,Drama"
"1016","Shaggy Dog, The (1959)","1959-03-19","Charles Barton","Tommy Kirk, Fred MacMurray, Annette Funicello, Jean Hagen","0053271","15944","Children,Comedy"
"1017","Swiss Family Robinson (1960)","1960-01-01","Ken Annakin","James MacArthur, John Mills, Dorothy McGuire, Janet Munro","0054357","18444","Adventure,Children"
"1018","That Darn Cat! (1965)","1965-12-02","Robert Stevenson","Dean Jones, Roddy McDowall, Hayley Mills, Dorothy Provine","0059793","20723","Children,Comedy,Mystery"
"1019","20,000 Leagues Under the Sea (1954)","1954-01-01","Richard Fleischer","James Mason, Kirk Douglas, Peter Lorre, Paul Lukas","0046672","173","Adventure,Drama,Sci-Fi"
"1020","Cool Runnings (1993)","1993-10-01","Jon Turteltaub","Doug E. Doug, Leon, Rawle D. Lewis, Malik Yoba, John Candy","0106611","864","Comedy"
"1021","Angels in the Outfield (1994)","1994-01-01","William Dear","Tony Danza, Danny Glover, Christopher Lloyd, Brenda Fricker, Joseph Gordon-Levitt, Adrien Brody, Matthew McConaughey","0109127","24795","Children,Comedy"
"1022","Cinderella (1950)","1950-02-15","Clyde Geronimi, Wilfred Jackson, Hamilton Luske","Eleanor Audley, Claire Du Brey, Verna Felton, Ilene Woods","0042332","11224","Animation,Children,Fantasy,Musical,Romance"
"1023","Winnie the Pooh and the Blustery Day (1968)","1968-12-20","Wolfgang Reitherman","John Fiedler, Sterling Holloway, Sebastian Cabot, Jon Walmsley, Hal Smith, Ralph Wright","0063819","81310","Animation,Children,Musical"
"1024","Three Caballeros, The (1945)","1945-02-03","Norman Ferguson","Sterling Holloway, Dora Luz, Aurora Miranda, Carmen Molina","0038166","15947","Animation,Children,Musical"
"1025","Sword in the Stone, The (1963)","1963-12-25","Wolfgang Reitherman","Sebastian Cabot, Junius Matthews, Rickie Sorensen, Karl Swenson","0057546","9078","Animation,Children,Fantasy,Musical"
"1026","So Dear to My Heart (1949)","1949-01-01","Harold D. Schuster, Hamilton Luske","Bobby Driscoll, Beulah Bondi, Luana Patten, Burl Ives, Harry Carey","0041890","29682","Children,Drama"
"1027","Robin Hood: Prince of Thieves (1991)","1991-06-14","Kevin Reynolds","Alan Rickman, Kevin Costner, Morgan Freeman, Christian Slater, Mary Elizabeth Mastrantonio","0102798","8367","Adventure,Drama"
"1028","Mary Poppins (1964)","1964-01-01","Robert Stevenson","David Tomlinson, Dick Van Dyke, Julie Andrews, Glynis Johns","0058331","433","Children,Comedy,Fantasy,Musical"
"1029","Dumbo (1941)","1941-10-23","Ben Sharpsteen, Samuel Armstrong, Norman Ferguson, Wilfred Jackson, Jack Kinney, Bill Roberts, John Elliotte","Herman Bing, Edward Brophy, Verna Felton, Sterling Holloway, Jim Carmichael","0033563","11360","Animation,Children,Drama,Musical"
"1030","Pete's Dragon (1977)","1977-11-03","Don Chaffey","Red Buttons, Jim Dale, Mickey Rooney, Helen Reddy","0076538","11114","Adventure,Animation,Children,Musical"
"1031","Bedknobs and Broomsticks (1971)","1971-12-13","Robert Stevenson","Sam Jaffe, Roddy McDowall, David Tomlinson, Angela Lansbury","0066817","12335","Adventure,Children,Musical"
"1032","Alice in Wonderland (1951)","1951-07-26","Clyde Geronimi, Wilfred Jackson, Hamilton Luske","Kathryn Beaumont, Ed Wynn, Richard Haydn, Sterling Holloway, Verna Felton","0043274","12092","Adventure,Animation,Children,Fantasy,Musical"
"1033","Fox and the Hound, The (1981)","1981-07-10","Ted Berman, Richard Rich, Art Stevens","Mickey Rooney, Kurt Russell, Pearl Bailey, Jack Albertson, Sandy Duncan","0082406","10948","Animation,Children,Drama"
"1034","Freeway (1996)","1996-08-23","Matthew Bright","Kiefer Sutherland, Reese Witherspoon, Bokeem Woodbine, Robert Peters, Wolfgang Bodison, Dan Hedaya, Guillermo Díaz, Lorna Raver, Michael T. Weiss, Alanna Ubach, Conchata Ferrell, Brooke Shields, Amanda Plummer, Brittany Murphy, Tara Subkoff","0116361","11229","Comedy,Crime,Drama,Thriller"
"1035","Sound of Music, The (1965)","1965-03-02","Robert Wise","Julie Andrews, Christopher Plummer, Richard Haydn, Eleanor Parker, Charmian Carr","0059742","15121","Musical,Romance"
"1036","Die Hard (1988)","1988-07-15","John McTiernan","Bruce Willis, Bonnie Bedelia, Alan Rickman, William Atherton, Paul Gleason, Reginald VelJohnson, Robert Davi","0095016","562","Action,Crime,Thriller"
"1037","Lawnmower Man, The (1992)","1992-01-01","Brett Leonard","Mark Bringleson, Pierce Brosnan, Jeff Fahey, Jenny Wright","0104692","10163","Action,Horror,Sci-Fi,Thriller"
"1038","Unhook the Stars (1996)","1996-10-30","Nick Cassavetes","Gérard Depardieu, Jake Lloyd, Gena Rowlands, Marisa Tomei","0118044","48862","Drama"
"1039","Synthetic Pleasures (1995)","1996-08-30","Iara Lee","","0114597","117036","Documentary"
"1040","Secret Agent, The (1996)","1996-11-08","Christopher Hampton","Jim Broadbent, Gérard Depardieu, Bob Hoskins, Robin Williams, Patricia Arquette","0117582","47199","Drama"
"1041","Secrets & Lies (1996)","1996-09-27","Mike Leigh","Timothy Spall, Phyllis Logan, Brenda Blethyn, Claire Rushbrook, Marianne Jean-Baptiste","0117589","11159","Drama"
"1042","That Thing You Do! (1996)","1996-10-04","Tom Hanks","Johnathon Schaech, Tom Everett Scott, Steve Zahn, Liv Tyler, Tom Hanks, Charlize Theron, Giovanni Ribisi","0117887","9591","Comedy,Drama"
"1043","To Gillian on Her 37th Birthday (1996)","1996-10-18","Michael Pressman","Peter Gallagher, Claire Danes, Laurie Fortier, Michelle Pfeiffer","0117924","30500","Drama,Romance"
"1044","Surviving Picasso (1996)","1996-09-20","James Ivory","Joss Ackland, Anthony Hopkins, Natascha McElhone, Julianne Moore","0117791","41843","Drama"
"1046","Beautiful Thing (1996)","1996-10-09","Hettie MacDonald","Glen Berry, Andrew Fraser, Steven M. Martin, Scott Neal, Martin Walsh","0115640","10938","Drama,Romance"
"1047","Long Kiss Goodnight, The (1996)","1996-10-11","Renny Harlin","Craig Bierko, Samuel L. Jackson, Geena Davis, Tom Amandes, Brian Cox, David Morse, Yvonne Zima","0116908","11412","Action,Drama,Thriller"
"1049","Ghost and the Darkness, The (1996)","1996-10-11","Stephen Hopkins","Michael Douglas, John Kani, Val Kilmer, Tom Wilkinson, Bernard Hill","0116409","10586","Action,Adventure"
"1050","Looking for Richard (1996)","1996-10-11","Al Pacino","Al Pacino, Vincent Angell, Madison Arnold, Gordon MacDonald, Penelope Allen","0116913","42314","Documentary,Drama"
"1051","Trees Lounge (1996)","1996-10-11","Steve Buscemi","Steve Buscemi, Mark Boone Junior, Chloë Sevigny, Carol Kane, Seymour Cassel","0117958","27845","Drama"
"1053","Normal Life (1996)","1996-10-25","John McNaughton","Ashley Judd, Luke Perry, Jim True, Bruce A. Young, Dawn Maxey, Kate Walsh","0117202","23223","Crime,Drama,Romance"
"1054","Get on the Bus (1996)","1996-10-16","Spike Lee","Richard Belzer, De'aundre Bonds, Andre Braugher, Thomas Jefferson Byrd, Bernie Mac, Ossie Davis, Charles S. Dutton","0116404","49471","Drama"
"1055","Shadow Conspiracy (1997)","1997-01-31","George P. Cosmatos","Stephen Lang, Charlie Sheen, Donald Sutherland, Linda Hamilton","0120107","38153","Thriller"
"1056","Jude (1996)","1996-11-01","Michael Winterbottom","Liam Cunningham, Christopher Eccleston, Rachel Griffiths, Kate Winslet","0116722","25147","Drama"
"1057","Everyone Says I Love You (1996)","1996-12-06","Woody Allen","Edward Norton, Drew Barrymore, Woody Allen, Goldie Hawn, Alan Alda, Julia Roberts, Tim Roth, Natalie Portman, Gaby Hoffmann, Natasha Lyonne, Lukas Haas, Billy Crudup","0116242","9716","Comedy,Musical,Romance"
"1058","Bitter Sugar (Azúcar amarga) (1996)","1996-11-22","Leon Ichaso","René Lavan, Mayte Vilán, Miguel Gutiérrez, Larry Villanueva, Luis Celeiro, Teresa Maria Rojas","0115600","43777","Drama"
"1059","William Shakespeare's Romeo + Juliet (1996)","1996-10-25","Baz Luhrmann","Leonardo DiCaprio, Claire Danes, John Leguizamo, Harold Perrineau, Pete Postlethwaite, Paul Sorvino, Brian Dennehy, Paul Rudd, Vondie Curtis-Hall, Miriam Margolyes, Jesse Bradford, M. Emmet Walsh, Zak Orth, Jamie Kennedy, Dash Mihok, Diane Venora, Mario Cimarro","0117509","454","Drama,Romance"
"1060","Swingers (1996)","1996-10-18","Doug Liman","Jon Favreau, Ron Livingston, Patrick Van Horn, Vince Vaughn","0117802","10218","Comedy,Drama"
"1061","Sleepers (1996)","1996-10-18","Barry Levinson","Kevin Bacon, Billy Crudup, Jason Patric, Brad Pitt, Terry Kinney, Robert De Niro, Ron Eldard, Dustin Hoffman, Minnie Driver, Brad Renfro, Vittorio Gassman","0117665","819","Thriller"
"1062","Sunchaser, The (1996)","1996-10-25","Michael Cimino","Woody Harrelson, Jon Seda, Anne Bancroft, Alexandra Tydings","0117781","38191","Drama"
"1063","Johns (1996)","1996-10-18","Scott Silver","David Arquette, Tony Epper, Lukas Haas, John C. McGinley","0116714","56830","Drama"
