"618","Two Much (1995)","1996-01-01","Fernando Trueba","Antonio Banderas, Melanie Griffith, Daryl Hannah, Danny Aiello, Joan Cusack, Eli Wallach, Gabino Diego, Austin Pendleton, Allan Rich, Vincent Schiavelli","0118001","46029","Comedy,Romance"
"619","Ed (1996)","1996-03-08","Bill Couturié","Paul Hewitt, Matt LeBlanc, Gene Ross, Sage Allen","0116165","32308","Comedy"
"620","Scream of Stone (Cerro Torre: Schrei aus Stein) (1991)","1996-03-08","Werner Herzog","Vittorio Mezzogiorno, Mathilda May, Stefan Glowacz","0102855","88893","Drama"
"621","My Favorite Season (1993)","1993-05-13","André Téchiné","Catherine Deneuve,Daniel Auteuil,Marthe Villalonga,Jean-Pierre Bouvier,Chiara Mastroianni,Carmen Chaplin,Jacques Nolot,Bruno Todeschini,Roschdy Zem","0107471","52873","Drama"
"624","Condition Red (Beyond the Law) (1995)","0000-00-00","Mika Kaurismäki","Victor Argo, Paul Calderon, James Russo, Cynda Williams","0112712","340210","Action,Drama,Thriller"
"625","Asfour Stah (1990)","1996-03-22","Férid Boughedir","Mustapha Adouani, Selim Boughedir, Mohammed Driss, Rabia Ben Abdallah","0090665","44281","Drama"
"626","Thin Line Between Love and Hate, A (1996)","1996-04-03","Martin Lawrence","Bobby Brown, Martin Lawrence, Regina King, Lynn Whitfield","0117891","28121","Comedy"
"627","Last Supper, The (1995)","1996-04-05","Stacy Title","Ron Eldard, Jonathan Penner, Cameron Diaz, Annabeth Gish","0113613","12520","Drama,Thriller"
"628","Primal Fear (1996)","1996-04-03","Gregory Hoblit","Richard Gere, Edward Norton, John Mahoney, Laura Linney","0117381","1592","Crime,Drama,Mystery,Thriller"
"629","Rude (1995)","1996-03-29","Clément Virgo","Richard Chevolleau, Clark Johnson, Maurice Dean Wint, Rachael Crawford","0114305","166901","Drama"
"630","Carried Away (1996)","1996-03-29","Bruno Barreto","Dennis Hopper, Julie Harris, Amy Irving, Amy Locane","0115837","36447","Drama,Romance"
"631","All Dogs Go to Heaven 2 (1996)","1996-03-29","Larry Leker, Paul Sabella","Ernest Borgnine, Hamilton Camp, Charlie Sheen, Bebe Neuwirth","0115509","19042","Adventure,Animation,Children,Fantasy,Musical,Romance"
"632","Land and Freedom (Tierra y libertad) (1995)","1996-03-29","Ken Loach","Ian Hart, Rosana Pastor, Icíar Bollaín, Tom Gilroy, Marc Martínez","0114671","38884","Drama,War"
"633","Denise Calls Up (1995)","1996-03-29","Hal Salwen","Timothy Daly, Dan Gunther, Caroleen Feeney, Dana Wheeler-Nicholson","0112844","47449","Comedy"
"634","Theodore Rex (1995)","1996-03-29","Jonathan R. Betuel","Bud Cort, Armin Mueller-Stahl, Whoopi Goldberg, Juliet Landau","0114658","36259","Comedy"
"635","Family Thing, A (1996)","1996-03-23","Richard Pearce","Michael Beach, Robert Duvall, James Earl Jones, Irma P. Hall","0116275","41852","Comedy,Drama"
"636","Frisk (1995)","1996-03-29","Todd Verow","Craig Chester, Michael Gunther, Jaie Laplante, Raoul O'Connell","0113122","40926","Drama"
"637","Sgt. Bilko (1996)","1996-03-29","Jonathan Lynn","Steve Martin, Dan Aykroyd, Phil Hartman, Glenne Headly, Daryl Mitchell, Max Casella, Eric Edwards, John Marshall Jones, Pamela Adlon, Austin Pendleton, Chris Rock, Debra Jo Rupp, Richard Herd, Dale Dye, Rance Howard, Travis Tritt, Reno Wilson, Clifton Collins Jr.","0117608","9099","Comedy"
"638","Jack and Sarah (1995)","1996-03-22","Tim Sullivan","Richard E. Grant, Samantha Mathis, Judi Dench, Eileen Atkins","0113448","2021","Romance"
"639","Girl 6 (1996)","1996-03-22","Spike Lee","Spike Lee, Isaiah Washington, Jenifer Lewis, Theresa Randle, Debi Mazar, Peter Berg, Michael Imperioli, Gretchen Mol, Madonna, John Turturro, Quentin Tarantino, Halle Berry, Ron Silver, Richard Belzer, John Cameron Mitchell","0116414","61752","Comedy,Drama"
"640","Diabolique (1996)","1996-01-01","Jeremiah S. Chechik","Chazz Palminteri, Isabelle Adjani, Kathy Bates, Sharon Stone","0116095","10988","Drama,Thriller"
"641","Little Indian, Big City (Un indien dans la ville) (1994)","1996-03-22","Hervé Palud","Thierry Lhermitte, Patrick Timsit, Ludwig Briand, Miou-Miou, Arielle Dombasle, Tolsty","0111543","11479","Adventure,Children,Comedy"
"645","Nelly & Monsieur Arnaud (1995)","1996-04-12","Claude Sautet","Jean-Hugues Anglade, Michel Serrault, Emmanuelle Béart, Claire Nadeau","0113947","12652","Drama"
"647","Courage Under Fire (1996)","1996-03-08","Edward Zwick","Denzel Washington, Meg Ryan, Lou Diamond Phillips, Michael Moriarty, Matt Damon, Bronson Pinchot, Regina Taylor, Zeljko Ivanek, Scott Glenn, Sean Astin, Mark Adair-Rios, Sean Patrick Thomas, Ken Jenkins, Michole Briana White, Bruce McGill, Albert Hall, Diane Baker","0115956","10684","Action,Crime,Drama,War"
"648","Mission: Impossible (1996)","1996-05-22","Brian De Palma","Tom Cruise, Henry Czerny, Jon Voight, Emmanuelle Béart, Jean Reno, Ving Rhames, Kristin Scott Thomas, Vanessa Redgrave","0117060","954","Action,Adventure,Mystery,Thriller"
"649","Cold Fever (Á köldum klaka) (1995)","1996-04-05","Friðrik Þór Friðriksson","Masatoshi Nagase, Lilit Taylor, Fisher Stevens, Gísli Halldórsson, Laura Hughes, Seijun Suzuki","0109028","68445","Comedy,Drama"
"650","Moll Flanders (1996)","1996-06-14","Pen Densham","Morgan Freeman, John Lynch, Stockard Channing, Aisling Corcoran, Robin Wright Penn","0117071","18989","Drama"
"651","Superweib, Das (1996)","1996-03-07","Sönke Wortmann","Richy Müller, Til Schweiger, Maren Kroymann, Esther Schweins","0117788","10801","Comedy"
"652","301, 302 (301/302) (1995)","1996-05-03","Cheol-su Park","Eun-jin Bang, Sin-Hye Hwang","0112257","54285","Horror,Mystery,Thriller"
"653","Dragonheart (1996)","1996-05-31","Rob Cohen","Dennis Quaid, David Thewlis, Sean Connery, Dina Meyer, Pete Postlethwaite, Jason Isaacs","0116136","8840","Action,Adventure,Fantasy"
"654","And Nobody Weeps for Me (Und keiner weint mir nach) (1996)","1996-02-29","Joseph Vilsmaier","Patrick Hinz, Peter Ketnath, Steffen Schroeder, Nina Hoss","0118026","278978","Drama,Romance"
"656","Eddie (1996)","1996-05-31","Steve Rash","Whoopi Goldberg,Frank Langella,Dennis Farina,Richard Jenkins,Lisa Ann Walter,John Benjamin Hickey,Troy Byer,John Salley,Rick Fox,Aasif Mandvi,Johnny Williams,Isiah Whitlock Jr.,Gary Payton,George Gore II,Alexandra Adi,Steve Coulter,Marc Blucas","0116168","11107","Comedy"
"657","Yankee Zulu (1994)","1996-02-16","Gray Hofmeyr","Wilson Dunster, John Matshikiza, Leon Schuster, Terri Treas","0111787","16417","Comedy,Drama"
"659","Purple Noon (Plein soleil) (1960)","1960-06-28","René Clément","Alain Delon, Maurice Ronet, Marie Laforêt, Erno Crisa, Frank Latimore, Billy Kearns","0054189","10363","Crime,Drama,Thriller"
"660","August (1996)","1996-04-12","Anthony Hopkins","Anthony Hopkins, Leslie Phillips, Kate Burton, Gawn Grainger, Rhys Ifans, Victoria Pugh","0115591","161070","Drama"
"661","James and the Giant Peach (1996)","1996-04-12","Henry Selick","Simon Callow, Richard Dreyfuss, Susan Sarandon, Jane Leeves, Joanna Lumley","0116683","10539","Adventure,Animation,Children,Fantasy,Musical"
"662","Fear (1996)","1996-04-12","James Foley","William Petersen, Reese Witherspoon, Mark Wahlberg, Alyssa Milano, Amy Brenneman","0116287","10543","Thriller"
"663","Kids in the Hall: Brain Candy (1996)","1996-04-12","Kelly Makin","Dave Foley, Bruce McCulloch, Kevin McDonald, Mark McKinney","0116768","18414","Comedy"
"664","Faithful (1996)","1996-04-03","Paul Mazursky","Paul Mazursky, Ryan O'Neal, Chazz Palminteri, Cher","0116269","47502","Comedy"
"665","Underground (1995)","1996-03-29","Emir Kusturica","Miki Manojlovic, Lazar Ristovski, Slavko Stimac, Mirjana Jokovic","0114787","11902","Comedy,Drama,War"
"666","All Things Fair (Lust och fägring stor) (1995)","1996-03-08","Bo Widerberg","Johan Widerberg, Marika Lagercrantz, Tomas von Brömssen, Karin Huldt, Nina Gunke","0113720","27098","Drama,Romance,War"
"667","Bloodsport 2 (a.k.a. Bloodsport II: The Next Kumite) (1996)","1996-03-01","Alan Mehrez","Daniel Bernhardt, Pat Morita, Donald Gibb, James Hong","0112536","25087","Action"
"668","Song of the Little Road (Pather Panchali) (1955)","1955-08-26","Satyajit Ray","Kanu Bannerjee, Subir Bannerjee, Karuna Bannerjee, Uma Das Gupta","0048473","5801","Drama"
"670","World of Apu, The (Apur Sansar) (1959)","1960-10-04","Satyajit Ray","Soumitra Chatterjee, Sharmila Tagore, Alok Chakravarty, Swapan Mukherjee, Dhiresh Majumdar","0052572","896","Drama"
"671","Mystery Science Theater 3000: The Movie (1996)","1996-04-19","Jim Mallon","Trace Beaulieu, Jim Mallon, Kevin Murphy, Michael J. Nelson","0117128","3065","Comedy,Sci-Fi"
"673","Space Jam (1996)","1996-11-15","Joe Pytka","Michael Jordan, Wayne Knight, Theresa Randle, Manner Washington,","0117705","2300","Adventure,Animation,Children,Comedy,Fantasy,Sci-Fi"
"674","Barbarella (1968)","1968-01-01","Roger Vadim","John Phillip Law, Milo O'Shea, Jane Fonda, Anita Pallenberg, David Hemmings","0062711","8069","Adventure,Comedy,Sci-Fi"
"675","Hostile Intentions (1994)","1994-01-01","Catherine Cyran","Carlos Gómez, Rigg Kennedy, Tia Carrere, Tricia Leigh Fisher, Lisa Dean Ryan","0110061","288173","Action,Drama,Thriller"
"676","They Bite (1996)","1996-01-01","Brett Piper","Nick Baldasare, Charlie Barnett, Donna Frotscher, Christina Veronica","0140614","187851","Comedy,Horror,Sci-Fi"
"678","Some Folks Call It a Sling Blade (1993)","1994-01-24","George Hickenlooper","Billy Bob Thornton, Molly Ringwald, J.T. Walsh, Jefferson Mays, Suzanne Cryer","0108181","27768","Drama,Thriller"
"680","Alphaville (Alphaville, une étrange aventure de Lemmy Caution) (1965)","1965-10-25","Jean-Luc Godard","Eddie Constantine, Anna Karina, Akim Tamiroff","0058898","8072","Drama,Mystery,Romance,Sci-Fi,Thriller"
"681","Coup de torchon (Clean Slate) (1981)","1981-11-04","Bertrand Tavernier","Philippe Noiret, Isabelle Huppert, Jean-Pierre Marielle, Stéphane Audran, Eddy Mitchell, Guy Marchand","0082206","35797","Crime"
"682","Tigrero: A Film That Was Never Made (1994)","1994-12-21","Mika Kaurismäki","","0111430","88030","Documentary,Drama"
"683","Eye of Vichy, The (Oeil de Vichy, L') (1993)","1993-01-01","Claude Chabrol","Michel Bouquet, Brian Cox","0107727","185191","Documentary"
"684","Windows (1980)","1980-01-18","Gordon Willis","Talia Shire, Elizabeth Ashley, Joseph Cortese, Kay Medford","0081759","83857","Drama"
"685","It's My Party (1996)","1996-03-22","Randal Kleiser","Eric Roberts, Gregory Harrison, Lee Grant, Marlee Matlin, George Segal, Olivia Newton-John, Roddy McDowall, Sally Kellerman","0113443","33245","Drama"
"687","Country Life (1994)","1995-07-28","Michael Blakemore","John Hargreaves, Sam Neill, Kerry Fox, Greta Scacchi","0109491","124460","Drama,Romance"
"688","Operation Dumbo Drop (1995)","1995-01-01","Simon Wincer","Doug E. Doug, Danny Glover, Denis Leary, Ray Liotta","0114048","27281","Action,Adventure,Comedy,War"
"690","Promise, The (Versprechen, Das) (1995)","1995-11-03","Margarethe von Trotta","Corinna Harfouch, Meret Becker, August Zirner, Walerij J. Alexeiew, Anka Baier","0111613","105045","Drama,Romance"
"691","Mrs. Winterbourne (1996)","1996-04-19","Richard Benjamin","Brendan Fraser, Miguel Sandoval, Ricki Lake, Shirley MacLaine","0117104","40001","Comedy,Romance"
"692","Solo (1996)","1996-08-23","Norberto Barba","Barry Corbin, Jaime Gomez, William Sadler, Mario Van Peebles","0117688","29621","Action,Sci-Fi,Thriller"
"693","Under the Domim Tree (Etz Hadomim Tafus) (1994)","1996-04-17","Eli Cohen","Gila Almagor, Juliano Mer, Uri Avrahami, Yael Pearl, Alexander Peleg","0109751","117730","Drama"
"694","Substitute, The (1996)","1996-04-19","Robert Mandel","Tom Berenger, Raymond Cruz, William Forsythe, Luis Guzmán","0117774","20762","Action,Crime,Drama"
"695","True Crime (1996)","1996-03-12","Pat Verducci","Michael Bowen, Kevin Dillon, Bill Nunn, Alicia Silverstone","0114736","37144","Mystery,Thriller"
"696","Butterfly Kiss (1995)","1996-04-26","Michael Winterbottom","Des McAleer, Kathy Jamieson, Amanda Plummer, Saskia Reeves","0112604","48260","Drama,Thriller"
"697","Feeling Minnesota (1996)","1996-09-13","Steven Baigelman","Keanu Reeves, Cameron Diaz, Vincent D'Onofrio, Delroy Lindo, Dan Aykroyd, Courtney Love, Tuesday Weld, Michael Rispoli, John Carroll Lynch, Max Perlich, Levon Helm","0116289","12656","Drama,Romance"
"698","Delta of Venus (1995)","1995-10-13","Zalman King","Audie England, Costas Mandylor","0109593","38867","Drama"
"699","To Cross the Rubicon (1991)","1991-01-01","Barry Caillier","Wade Madsen, J.D. Souther, Lorraine Devon, Patricia Royce","0103095","277270","Drama"
"700","Angus (1995)","1995-09-15","Patrick Read Johnson","Charlie Talbert, George C. Scott, Kathy Bates, Ariana Richards, Chris Owen","0112368","25969","Comedy"
"701","Daens (1992)","1992-01-01","Stijn Coninx","Jan Decleir, Gérard Desarthe, Johan Leysen, Michael Pas, Antje de Boeck","0104046","44103","Drama"
"702","Faces (1968)","1968-11-24","John Cassavetes","Seymour Cassel, John Marley, Lynn Carlin, Gena Rowlands","0062952","753","Drama"
"703","Boys (1996)","1996-05-10","Stacy Cochran","Lukas Haas, James LeGros, John C. Reilly, Winona Ryder","0115742","43634","Drama"
"704","Quest, The (1996)","1996-04-26","Jean-Claude Van Damme","Jean-Claude Van Damme, Roger Moore, James Remar","0117420","9103","Action,Adventure"
"705","Cosi (1996)","1997-04-11","Mark Joffe","Ben Mendelsohn, Barry Otto, Toni Collette, Rachel Griffiths","0115951","90214","Comedy"
"706","Sunset Park (1996)","1996-04-26","Steve Gomer","Rhea Perlman, Fredro Starr, Carol Kane, Terrence Howard, De'aundre Bonds, Talent Harris, Anthony C. Hall, Guy Torry, Hattie Winston, Gary Dourdan, Vincent Pastore, Malinda Williams","0117784","29649","Drama"
"707","Mulholland Falls (1996)","1996-04-26","Lee Tamahori","Nick Nolte, Melanie Griffith, Chazz Palminteri, Michael Madsen, Chris Penn, Treat Williams, Jennifer Connelly, Daniel Baldwin, Andrew McCarthy, John Malkovich, Kyle Chandler, Ed Lauter, Melinda Clarke, Ernie Lively, Titus Welliver, Robert Peters, Aaron Neville, Bruce Dern, Louise Fletcher, Rob Lowe, William Petersen","0117107","10990","Crime,Drama,Thriller"
"708","Truth About Cats & Dogs, The (1996)","1996-04-26","Michael Lehmann","Uma Thurman, Janeane Garofalo, Ben Chaplin, Jamie Foxx, James McCaffrey, Richard Coca, Stanley DeSantis, David Cross, Mary Lynn Rajskub, Bob Odenkirk, Monique Parent","0117979","8866","Comedy,Romance"
"709","Oliver & Company (1988)","1988-11-18","George Scribner","Billy Joel, Joey Lawrence, Cheech Marin, Richard Mulligan","0095776","12233","Adventure,Animation,Children,Comedy,Musical"
"710","Celtic Pride (1996)","1996-04-19","Tom DeCerchio","Dan Aykroyd, Daniel Stern, Damon Wayans, Gail O'Grady","0115851","23449","Comedy"
"711","Flipper (1996)","1996-05-10","Alan Shapiro","Jonathan Banks, Robert Deacon, Paul Hogan, Elijah Wood","0116322","36355","Adventure,Children"
"712","Captives (1994)","1994-09-16","Angela Pope","Julia Ormond, Tim Roth, Siobhan Redmond, Keith Allen","0109374","37667","Crime,Drama,Romance,Thriller"
"713","Of Love and Shadows (1994)","1996-05-10","Betty Kaplan","Antonio Banderas, Diego Wallraff, Jennifer Connelly, Stefania Sandrelli","0110712","90148","Drama"
"714","Dead Man (1995)","1996-05-10","Jim Jarmusch","Johnny Depp, Gary Farmer, Lance Henriksen, Michael Wincott","0112817","922","Drama,Mystery,Western"
"715","Horseman on the Roof, The (Hussard sur le toit, Le) (1995)","1996-04-19","Jean-Paul Rappeneau","Juliette Binoche, Olivier Martinez, Pierre Arditi, François Cluzet","0113362","11876","Drama,Romance"
"716","Switchblade Sisters (1975)","1975-05-17","Jack Hill","Asher Brauner, Monica Gayle, Robbie Lee, Joanne Nail","0073778","52633","Crime"
"717","Mouth to Mouth (Boca a boca) (1995)","1996-09-13","Manuel Gómez Pereira","Javier Bardem, Aitana Sánchez-Gijón, Josep Maria Flotats, María Barranco, Myriam Mézières","0112546","62364","Comedy"
"718","Visitors, The (Visiteurs, Les) (1993)","1996-07-19","Jean-Marie Poiré","Christian Clavier, Jean Reno, Valérie Lemercier, Marie-Anne Chazel, Christian Bujeau","0108500","11687","Comedy,Fantasy,Sci-Fi"
"719","Multiplicity (1996)","1996-07-12","Harold Ramis","Zack Duhame, Michael Keaton, Andie MacDowell, Katie Schlossberg","0117108","9304","Comedy"
"720","Wallace & Gromit: The Best of Aardman Animation (1996)","1996-06-14","Nick Park","Peter Sallis, Anne Reid","0118114","NA","Adventure,Animation,Comedy"
"722","Haunted World of Edward D. Wood Jr., The (1996)","1996-04-26","Brett Thompson","Vampira, Dolores Fuller, Paul Marco, Conrad Brooks","0113270","73183","Documentary"
"723","Two Friends (1986)","1986-04-26","Jane Campion","Peter Hehir, Kris Bidenko, Emma Coles, Kris McQuade","0092123","131232","Drama"
"724","Craft, The (1996)","1996-05-03","Andrew Fleming","Fairuza Balk, Neve Campbell, Rachel True, Robin Tunney, Skeet Ulrich","0115963","9100","Drama,Fantasy,Horror,Thriller"
"725","Great White Hype, The (1996)","1996-05-03","Reginald Hudlin","Peter Berg, Jeff Goldblum, Samuel L. Jackson","0116448","20759","Comedy"
"726","Last Dance (1996)","1996-05-03","Bruce Beresford","Peter Gallagher, Rob Morrow, Randy Quaid, Sharon Stone","0116827","46063","Drama"
"728","Cold Comfort Farm (1995)","1996-04-23","John Schlesinger","Stephen Fry, Eileen Atkins, Kate Beckinsale, Sheila Burrell, Freddie Jones, Joanna Lumley, Ian McKellen","0112701","32513","Comedy"
"729","Institute Benjamenta, or This Dream People Call Human Life (1995)","1996-05-10","Stephen Quay","Gottfried John, Mark Rylance, Daniel Smith, Alice Krige","0113429","40651","Drama"
"731","Heaven's Prisoners (1996)","1996-05-17","Phil Joanou","Alec Baldwin, Kelly Lynch, Mary Stuart Masterson, Eric Roberts, Teri Hatcher","0116508","36915","Crime,Thriller"
"732","Original Gangstas (1996)","1996-05-10","Larry Cohen","Jim Brown, Fred Williamson, Paul Winfield, Pam Grier","0117260","40507","Crime"
"733","Rock, The (1996)","1996-06-07","Michael Bay","Sean Connery, Nicolas Cage, Ed Harris, John Spencer, David Morse, William Forsythe, Michael Biehn, Vanessa Marcil, John C. McGinley, Tony Todd, Bokeem Woodbine, Steve Harris, Danny Nucci, Claire Forlani, Todd Louiso, David Bowe, Willie Garson, Anthony Clark, Raymond O'Connor, James Caviezel, Buck Kartalian, Stanley Anderson, Xander Berkeley, Raymond Cruz, Philip Baker Hall, Stuart Wilson","0117500","9802","Action,Adventure,Thriller"
"734","Getting Away With Murder (1996)","1996-04-12","Harvey Miller","Dan Aykroyd, Lily Tomlin, Jack Lemmon, Bonnie Hunt","0116405","25697","Comedy"
"735","Cemetery Man (Dellamorte Dellamore) (1994)","1996-04-26","Michele Soavi","Rupert Everett, François Hadji-Lazaro, Anna Falchi, Mickey Knox, Fabiana Formica","0109592","21588","Horror"
