"511","Program, The (1993)","1993-09-24","David S. Ward","James Caan, Halle Berry, Omar Epps, Craig Sheffer, Kristy Swanson, Abraham Benrubi, Joey Lauren Adams, Chris Berman, Rhoda Griffis","0107889","18133","Action,Drama"
"512","Puppet Masters, The (1994)","1994-10-21","Stuart Orme","Donald Sutherland, Eric Thal, Julie Warner, Keith David, Richard Belzer, Will Patton, Yaphet Kotto","0111003","25557","Horror,Sci-Fi"
"513","Radioland Murders (1994)","1994-10-21","Mel Smith","Ned Beatty, Brian Benben, George Burns, Mary Stuart Masterson","0110939","22588","Comedy,Mystery,Romance"
"514","Ref, The (1994)","1994-01-01","Ted Demme","Denis Leary, Judy Davis, Kevin Spacey, Robert J. Steinmiller Jr., Glynis Johns, Raymond J. Barry, Christine Baranski, Adam LeFevre, J.K. Simmons, Arthur J. Nascarella, Vincent Pastore, B.D. Wong","0110955","10872","Comedy"
"515","Remains of the Day, The (1993)","1993-11-05","James Ivory","Anthony Hopkins, Emma Thompson, James Fox, Christopher Reeve","0107943","1245","Drama,Romance"
"516","Renaissance Man (1994)","1994-06-03","Penny Marshall","Danny DeVito, Gregory Hines, James Remar, Ed Begley Jr., Lillo Brancato, Stacey Dash, Kadeem Hardison, Richard T. Jones, Khalil Kain, Peter Simmons, Gregory Sporleder, Mark Wahlberg, Cliff Robertson, Ben Wright, Ann Cusack, Alanna Ubach","0110971","11858","Comedy,Drama"
"517","Rising Sun (1993)","1993-01-01","Philip Kaufman","Sean Connery, Wesley Snipes, Harvey Keitel, Cary-Hiroyuki Tagawa, Mako, Ray Wise, Stan Egi, Stan Shaw, Tia Carrere, Steve Buscemi, Tatjana Patitz, Sam Lloyd, Daniel von Bargen, Amy Hill, Clyde Kusatsu, Tamara Tunie, John Koyama, Leo Lee","0107969","7007","Action,Drama,Mystery"
"518","Road to Wellville, The (1994)","1994-10-28","Alan Parker","Matthew Broderick, John Cusack, Anthony Hopkins, Bridget Fonda","0111001","10467","Comedy"
"519","RoboCop 3 (1993)","1993-11-05","Fred Dekker","Robert John Burke, Mario Machado, Remy Ryan, Jodi Long","0107978","5550","Action,Crime,Drama,Sci-Fi,Thriller"
"520","Robin Hood: Men in Tights (1993)","1993-07-28","Mel Brooks","Cary Elwes, Richard Lewis, Roger Rees, Amy Yasbeck, Dave Chappelle, Isaac Hayes, Eric Allan Kramer, Tracey Ullman, Patrick Stewart, Dom DeLuise","0107977","8005","Comedy"
"521","Romeo Is Bleeding (1993)","1993-01-01","Peter Medak","Gary Oldman, Juliette Lewis, Lena Olin, Annabella Sciorra","0107983","2088","Crime,Thriller"
"522","Romper Stomper (1992)","1993-06-09","Geoffrey Wright","Russell Crowe, Daniel Pollock, Alex Scott, Jacqueline McKenzie","0105275","10412","Action,Drama"
"523","Ruby in Paradise (1993)","1993-10-08","Victor Nunez","Ashley Judd, Todd Field, Bentley Mitchum, Allison Dean","0108000","47889","Drama"
"524","Rudy (1993)","1993-01-01","David Anspaugh","Sean Astin, Ned Beatty, Jon Favreau, Greta Lind","0108002","14534","Drama"
"525","Saint of Fort Washington, The (1993)","1993-01-01","Tim Hunter","Rick Aviles, Matt Dillon, Danny Glover, Nina Siemaszko","0108026","56583","Drama"
"526","Savage Nights (Nuits fauves, Les) (1992)","1994-02-25","Cyril Collard","Cyril Collard, Romane Bohringer","0105032","41878","Drama"
"527","Schindler's List (1993)","1993-11-30","Steven Spielberg","Ralph Fiennes, Ben Kingsley, Liam Neeson, Caroline Goodall, Jonathan Sagall, Embeth Davidtz","0108052","424","Drama,War"
"528","Scout, The (1994)","1994-09-30","Michael Ritchie","Albert Brooks, Brendan Fraser, Anne Twomey, Dianne Wiest","0111094","35233","Comedy,Drama"
"529","Searching for Bobby Fischer (1993)","1993-08-11","Steven Zaillian","Ben Kingsley, Joe Mantegna, Max Pomeranc, Joan Allen, Laurence Fishburne","0108065","14291","Drama"
"530","Second Best (1994)","1994-01-01","Chris Menges","Keith Allen, William Hurt, Chris Cleary Miles, Nathan Yapp, Doris Irving","0111102","103413","Drama"
"531","Secret Garden, The (1993)","1993-08-13","Agnieszka Holland","Andrew Knott, Heydon Prowse, Kate Maberly, Maggie Smith","0108071","11236","Children,Drama"
"532","Serial Mom (1994)","1994-04-13","John Waters","Matthew Lillard, Sam Waterston, Ricki Lake, Kathleen Turner","0111127","11592","Comedy,Crime,Horror"
"533","Shadow, The (1994)","1994-07-01","Russell Mulcahy","Alec Baldwin, Peter Boyle, John Lone, Penelope Ann Miller","0111143","8850","Action,Adventure,Fantasy,Mystery"
"534","Shadowlands (1993)","1993-12-25","Richard Attenborough","Anthony Hopkins, Debra Winger, Edward Hardwicke, Joseph Mazzello, John Wood","0108101","10445","Drama,Romance"
"535","Short Cuts (1993)","1993-10-01","Robert Altman","Andie MacDowell, Julianne Moore, Bruce Davison, Jack Lemmon, Matthew Modine, Anne Archer, Fred Ward, Jennifer Jason Leigh, Chris Penn, Lili Taylor, Robert Downey Jr., Madeleine Stowe, Tim Robbins, Tom Waits, Lily Tomlin, Lyle Lovett, Huey Lewis","0108122","695","Drama"
"536","Simple Twist of Fate, A (1994)","1994-01-01","Gillies MacKinnon","Gabriel Byrne, Steve Martin, Laura Linney, Catherine O'Hara","0111194","43535","Drama"
"537","Sirens (1994)","1994-03-04","John Duigan","Hugh Grant, Sam Neill, Tara Fitzgerald, Elle Macpherson","0111201","12519","Drama"
"538","Six Degrees of Separation (1993)","1993-01-01","Fred Schepisi","Ian McKellen, Will Smith, Donald Sutherland, Stockard Channing","0108149","23210","Drama"
"539","Sleepless in Seattle (1993)","1993-06-25","Nora Ephron","Tom Hanks, Meg Ryan, Bill Pullman, Ross Malinger, Rosie O'Donnell, Gaby Hoffmann, Victor Garber, Rita Wilson","0108160","858","Comedy,Drama,Romance"
"540","Sliver (1993)","1993-05-21","Phillip Noyce","William Baldwin, Tom Berenger, Sharon Stone, Polly Walker","0108162","867","Thriller"
"541","Blade Runner (1982)","1982-06-25","Ridley Scott","Harrison Ford, Rutger Hauer, Sean Young, Edward James Olmos, Daryl Hannah","0083658","78","Action,Sci-Fi,Thriller"
"542","Son in Law (1993)","1993-07-02","Steve Rash","Pauly Shore, Lane Smith, Carla Gugino, Cindy Pickett","0108186","13203","Comedy,Drama,Romance"
"543","So I Married an Axe Murderer (1993)","1993-07-30","Thomas Schlamme","Anthony LaPaglia, Mike Myers, Amanda Plummer, Nancy Travis","0108174","10442","Comedy,Romance,Thriller"
"544","Striking Distance (1993)","1993-09-17","Rowdy Herrington","Dennis Farina, Tom Sizemore, Bruce Willis, Sarah Jessica Parker","0108238","11074","Action,Crime"
"545","Harem (1985)","0000-00-00","Arthur Joffé","Nastassja Kinski, Ben Kingsley","0089256","33367","Drama"
"546","Super Mario Bros. (1993)","1993-05-23","Annabel Jankel","Dennis Hopper, Bob Hoskins, John Leguizamo, Samantha Mathis","0108255","9607","Action,Adventure,Children,Comedy,Fantasy,Sci-Fi"
"547","Surviving the Game (1994)","1994-01-01","Ernest R. Dickerson","Gary Busey, Charles Dutton, Rutger Hauer, Ice-T ","0111323","17585","Action,Adventure,Thriller"
"548","Terminal Velocity (1994)","1994-01-01","Deran Sarafian","James Gandolfini, Christopher McDonald, Charlie Sheen, Nastassja Kinski","0111400","9057","Action,Mystery,Thriller"
"549","Thirty-Two Short Films About Glenn Gould (1993)","1993-11-26","François Girard","Colm Feore","0108328","20967","Drama,Musical"
"550","Threesome (1994)","1994-04-08","Andrew Fleming","Alexis Arquette, Stephen Baldwin, Josh Charles, Lara Flynn Boyle","0111418","10635","Comedy,Romance"
"551","Nightmare Before Christmas, The (1993)","1993-10-13","Henry Selick","Danny Elfman, William Hickey, Chris Sarandon, Catherine O'Hara","0107688","9479","Animation,Children,Fantasy,Musical"
"552","Three Musketeers, The (1993)","1993-11-12","Stephen Herek","Chris O'Donnell, Oliver Platt, Charlie Sheen, Kiefer Sutherland, Tim Curry, Rebecca De Mornay, Gabrielle Anwar, Michael Wincott, Julie Delpy","0108333","10057","Action,Adventure,Comedy,Romance"
"553","Tombstone (1993)","1993-12-25","George P. Cosmatos","Kurt Russell, Val Kilmer, Sam Elliott, Bill Paxton, Powers Boothe, Michael Biehn, Charlton Heston, Jason Priestley, Thomas Haden Church, Dana Delany, Paula Malcomson, Lisa Collins","0108358","11969","Action,Drama,Western"
"554","Trial by Jury (1994)","1994-01-01","Heywood Gould","Armand Assante, Gabriel Byrne, William Hurt, Joanne Whalley","0111488","41590","Crime,Drama,Thriller"
"555","True Romance (1993)","1993-01-01","Tony Scott","Dennis Hopper, Val Kilmer, Christian Slater, Patricia Arquette, Gary Oldman, Brad Pitt, Christopher Walken, Samuel L. Jackson, Michael Rapaport, Saul Rubinek, James Gandolfini","0108399","319","Crime,Thriller"
"556","War Room, The (1993)","1993-01-01","Chris Hegedus","Paul Begala, James Carville, George Stephanopoulos, Heather Beckel","0108515","26408","Documentary"
"558","Pagemaster, The (1994)","1994-11-23","Maurice Hunt","Macaulay Culkin, Christopher Lloyd, Patrick Stewart, Whoopi Goldberg","0110763","15139","Action,Adventure,Animation,Children,Fantasy"
"559","Paris, France (1993)","1993-01-01","Jerry Ciccoritti","Victor Ertmanis, Dan Lett, Peter Outerbridge, Leslie Hope","0107779","161158","Comedy"
"561","Killer (Bulletproof Heart) (1994)","1995-03-31","Mark Malone","Anthony LaPaglia, Mimi Rogers, Matt Craven, Peter Boyle, Monika Schnarre, Joseph Maher","0110259","85247","Drama,Thriller"
"562","Welcome to the Dollhouse (1995)","1996-05-24","Todd Solondz","Christina Brucato, Victoria Davis, Heather Matarazzo, Christina Vidal","0114906","11446","Comedy,Drama"
"563","Germinal (1993)","1993-12-17","Claude Berri","Jean Carmet, Renaud, Judith Henry, Miou-Miou ","0107002","51980","Drama,Romance"
"564","Chasers (1994)","1994-01-01","Dennis Hopper","Tom Berenger, Crispin Glover, William McNamara, Erika Eleniak","0109403","24405","Comedy"
"565","Cronos (1993)","1994-05-01","Guillermo del Toro","Federico Luppi, Ron Perlman, Margarita Isabel, Claudio Brook, Tamara Shanath","0104029","11655","Drama,Horror"
"566","Naked in New York (1994)","1994-01-01","Daniel Algrant","Ralph Macchio, Eric Stoltz, Jill Clayburgh, Mary-Louise Parker","0110623","11800","Comedy,Romance"
"567","Kika (1993)","1993-01-01","Pedro Almodóvar","Álex Casanovas, Peter Coyote, Victoria Abril, Verónica Forqué, Bibi Andersen","0107315","8223","Comedy,Drama"
"568","Bhaji on the Beach (1993)","1994-05-01","Gurinder Chadha","Jimmi Harkishin, Mo Sesay, Sarita Khajuria, Kim Vithana","0106408","14587","Comedy,Drama"
"569","Little Big League (1994)","1994-07-29","Andrew Scheinman","John Ashton, Timothy Busfield, Luke Edwards, Ashley Crow, Dennis Farina, Jason Robards","0110363","31504","Comedy,Drama"
"570","Slingshot, The (Kådisbellan) (1993)","1994-06-03","Åke Sandgren","Jesper Salén, Stellan Skarsgård, Basia Frydman, Niklas Olund, Ernst Günther","0107349","41653","Comedy,Drama"
"571","Wedding Gift, The (1994)","1994-07-15","Richard Loncraine","Julie Walters, Jim Broadbent, Thora Hird, Sian Thomas","0111709","53185","Drama,Romance"
"573","Ciao, Professore! (Io speriamo che me la cavo) (1992)","1994-07-15","Lina Wertmüller","Paolo Villaggio, Isa Danieli, Gigio Morra, Sergio Solli, Ester Carloni, Paolo Bonacelli","0107225","23637","Drama"
"574","Spanking the Monkey (1994)","1994-07-15","David O. Russell","Jeremy Davies, Benjamin Hendrickson, Elizabeth Newett, Alberta Watson","0111252","17600","Comedy,Drama"
"575","Little Rascals, The (1994)","1994-08-05","Penelope Spheeris","Bug Hall, Travis Tedford, Kevin Jamal Woods, Brittany Ashton Holmes","0110366","10897","Children,Comedy"
"577","Andre (1994)","1994-08-17","George Miller","Keith Carradine, Joshua Jackson, Chelsea Field, Tina Majorino","0109120","21352","Adventure,Children,Drama"
"579","Escort, The (Scorta, La) (1993)","1994-05-04","Ricky Tognazzi","Claudio Amendola, Carlo Cecchi, Enrico Lo Verso, Ricky Memphis","0108059","68806","Crime,Thriller"
"580","Princess Caraboo (1994)","1994-09-16","Michael Austin","Jim Broadbent, Kevin Kline, Phoebe Cates, Wendy Hughes","0110892","37345","Drama"
"581","Celluloid Closet, The (1995)","1996-03-15","Rob Epstein, Jeffrey Friedman","Lily Tomlin, Tony Curtis, Susie Bright, Arthur Laurents, Armistead Maupin, Gore Vidal","0112651","32562","Documentary"
"582","Métisse (Café au Lait) (1993)","1994-08-19","Mathieu Kassovitz","Julie Mauduech, Hubert Koundé, Mathieu Kassovitz, Vincent Cassel","0107642","47507","Comedy,Drama"
"583","Dear Diary (Caro Diario) (1994)","1994-09-30","Nanni Moretti","Nanni Moretti, Jennifer Beals, Alexandre Rockwell","0109382","25403","Comedy,Drama"
"585","Brady Bunch Movie, The (1995)","1995-02-17","Betty Thomas","Shelley Long, Gary Cole, Christine Taylor, Christopher Daniel Barnes, Jennifer Elise Cox, Paul Sutera, Olivia Hack, David Graf, Florence Henderson, Jack Noseworthy, Megan Ward, Jean Smart, Michael McKean, Marissa Ribisi, Steven Gilborn, James Avery, David Proval, Darion Basco, David Leisure, Archie Hahn, Barry Williams, RuPaul, Ann B. Davis, Davy Jones, Micky Dolenz, Peter Tork, Jennifer Blanc, Tamara Mello, Christopher Knight, Reni Santoni","0112572","9066","Comedy"
"586","Home Alone (1990)","1990-11-16","Chris Columbus","Macaulay Culkin, John Heard, Joe Pesci, Daniel Stern, Catherine O'Hara","0099785","771","Children,Comedy"
"587","Ghost (1990)","1990-07-13","Jerry Zucker","Patrick Swayze, Demi Moore, Whoopi Goldberg, Tony Goldwyn, Vincent Schiavelli, Stephen Root","0099653","251","Comedy,Drama,Fantasy,Romance,Thriller"
"588","Aladdin (1992)","1992-11-25","Ron Clements","Jonathan Freeman, Scott Weinger, Robin Williams, Linda Larkin","0103639","812","Adventure,Animation,Children,Comedy,Musical"
"589","Terminator 2: Judgment Day (1991)","1991-07-01","James Cameron","Arnold Schwarzenegger, Linda Hamilton, Edward Furlong, Robert Patrick, Joe Morton, Earl Boen, Danny Cooksey","0103064","280","Action,Sci-Fi"
"590","Dances with Wolves (1990)","1990-11-21","Kevin Costner","Kevin Costner, Rodney A. Grant, Graham Greene, Mary McDonnell","0099348","581","Adventure,Drama,Western"
"591","Tough and Deadly (1995)","1995-02-14","Steve Cohen","Billy Blanks, Charles Kahlenberg, Richard Norton, Roddy Piper","0114706","80350","Action,Drama,Thriller"
"592","Batman (1989)","1989-06-23","Tim Burton","Michael Keaton, Jack Nicholson, Kim Basinger, Robert Wuhl, Pat Hingle","0096895","268","Action,Crime,Thriller"
"593","Silence of the Lambs, The (1991)","1991-02-14","Jonathan Demme","Jodie Foster, Anthony Hopkins, Scott Glenn, Anthony Heald, Ted Levine","0102926","274","Crime,Horror,Thriller"
"594","Snow White and the Seven Dwarfs (1937)","1938-02-04","David Hand","Adriana Caselotti, Lucille La Verne, Roy Atwell, Eddie Collins, Pinto Colvig, Billy Gilbert, Otis Harlan, Scotty Mattraw","0029583","408","Animation,Children,Drama,Fantasy,Musical"
"595","Beauty and the Beast (1991)","1991-11-22","Gary Trousdale","Robby Benson, Jerry Orbach, Richard White, Paige O'Hara","0101414","10020","Animation,Children,Fantasy,Musical,Romance,IMAX"
"596","Pinocchio (1940)","1940-02-07","Hamilton Luske, Ben Sharpsteen","Dickie Jones, Christian Rub, Cliff Edwards, Mel Blanc, Evelyn Venable","0032910","10895","Animation,Children,Fantasy,Musical"
"597","Pretty Woman (1990)","1990-03-23","Garry Marshall","Julia Roberts, Richard Gere, Jason Alexander, Ralph Bellamy, Hector Elizondo","0100405","114","Comedy,Romance"
"598","Window to Paris (Okno v Parizh) (1994)","1995-02-17","Yuri Mamin","Sergei Dontsov, Viktor Mikhajlov, Agnès Soral","0110719","41043","Comedy,Fantasy"
"599","Wild Bunch, The (1969)","1969-01-01","Sam Peckinpah","Ernest Borgnine, William Holden, Edmond O'Brien, Robert Ryan, Warren Oates, Ben Johnson, Strother Martin, L.Q. Jones, Bo Hopkins, Albert Dekker","0065214","576","Adventure,Western"
"600","Love and a .45 (1994)","1994-11-23","C.M. Talkington","Gil Bellows, Rory Cochrane, Jeffrey Combs, Renée Zellweger","0110395","15477","Action,Comedy,Crime"
"601","Wooden Man's Bride, The (Yan shen) (1994)","1995-02-10","Jianxin Huang","Shih Chang, Bao-ming Gu, Kao Mingjun, Fuli Wang","0111752","59146","Drama"
"602","Great Day in Harlem, A (1994)","1994-01-01","Jean Bach","Buck Clayton, Dizzy Gillespie, Quincy Jones, Sonny Rollins","0109934","124472","Documentary"
"603","Bye Bye, Love (1995)","1995-01-01","Sam Weisman","Matthew Modine, Randy Quaid, Paul Reiser, Janeane Garofalo, Amy Brenneman, Eliza Dushku, Lindsay Crouse, Rob Reiner, Danny Masterson, Jack Black","0112606","30528","Comedy"
"605","One Fine Day (1996)","1996-11-30","Michael Hoffman","George Clooney, Alex D. Linz, Michelle Pfeiffer, Mae Whitman","0117247","7300","Drama,Romance"
"606","Candyman: Farewell to the Flesh (1995)","1995-01-01","Bill Condon","Tony Todd, Bill Nunn, William O'Leary, Kelly Rowan, Matt Clark","0112625","10824","Fantasy,Horror"
"607","Century (1993)","1993-01-01","Stephen Poliakoff","Charles Dance, Clive Owen, Robert Stephens, Miranda Richardson","0106537","261246","Drama"
"608","Fargo (1996)","1996-03-08","Joel Coen, Ethan Coen","William H. Macy, Frances McDormand, Steve Buscemi, Peter Stormare, Harve Presnell, Patrice Chéreau, Julien Temple","0116282","275","Comedy,Crime,Drama,Thriller"
"609","Homeward Bound II: Lost in San Francisco (1996)","1996-03-08","David R. Ellis","Michael J. Fox, Al Michaels, Ralph Waite, Sally Field","0116552","25059","Adventure,Children"
"610","Heavy Metal (1981)","1981-03-08","Gerald Potterton","John Candy, Jackie Burroughs, Joe Flaherty, Martin Lavut, Eugene Levy, Alice Playten, Harold Ramis, August Schellenberg, Richard Romanus, John Vernon","0082509","11827","Action,Adventure,Animation,Horror,Sci-Fi"
"611","Hellraiser: Bloodline (1996)","1996-03-08","Joe Chappelle","Doug Bradley, Bruce Ramsay, Charlotte Chatton, Kim Myers, Valentina Vargas","0116514","8766","Action,Horror,Sci-Fi"
"612","Pallbearer, The (1996)","1996-04-19","Matt Reeves","Michael Rapaport, David Schwimmer, Toni Collette, Gwyneth Paltrow","0117283","23570","Comedy"
"613","Jane Eyre (1996)","1996-04-05","Franco Zeffirelli","Sasha Graff, Nic Knight, Nicola Howard, Anna Paquin, Fiona Shaw, John Wood, Geraldine Chaplin, Amanda Root, Leanne Rowe, Charlotte Gainsbourg, Richard Warwick, Judith Parker, Joan Plowright, William Hurt, Elle Macpherson, Maria Schneider","0116684","47333","Drama,Romance"
"614","Loaded (1994)","1996-04-12","Anna Campion","Danny Cunningham, Oliver Milburn, Catherine McCormack, Dearbhla Molloy","0110374","54850","Drama,Thriller"
"615","Bread and Chocolate (Pane e cioccolata) (1973)","1978-07-14","Franco Brusati","Nino Manfredi, Johnny Dorelli, Anna Karina, Paolo Turco, Ugo D'Alessio, Tano Cimarosa","0070506","51242","Comedy,Drama"
"616","Aristocats, The (1970)","1970-12-24","Wolfgang Reitherman","Scatman Crothers, Phil Harris, Sterling Holloway, Eva Gabor","0065421","10112","Animation,Children"
"617","Flower of My Secret, The (La flor de mi secreto) (1995)","1996-03-08","Pedro Almodóvar","Marisa Paredes, Juan Echanove, Imanol Arias","0113083","4307","Comedy,Drama"
"618","Two Much (1995)","1996-01-01","Fernando Trueba","Antonio Banderas, Melanie Griffith, Daryl Hannah, Danny Aiello, Joan Cusack, Eli Wallach, Gabino Diego, Austin Pendleton, Allan Rich, Vincent Schiavelli","0118001","46029","Comedy,Romance"
