"206","Unzipped (1995)","1995-08-11","Douglas Keeve","Isaac Mizrahi","0114805","77350","Documentary"
"207","Walk in the Clouds, A (1995)","1995-01-01","Alfonso Arau","Giancarlo Giannini, Anthony Quinn, Keanu Reeves, Aitana Sánchez-Gijón","0114887","9560","Drama,Romance"
"208","Waterworld (1995)","1995-01-01","Kevin Costner","Kevin Costner, Jeanne Tripplehorn, Dennis Hopper, Chaim Girafi, Jack Kehler, Tina Majorino, Michael Jeter, Robert Joy, Jack Black, Kim Coates","0114898","9804","Action,Adventure,Sci-Fi"
"209","White Man's Burden (1995)","1995-12-01","Desmond Nakano","Harry Belafonte, John Travolta, Margaret Avery, Kelly Lynch","0114928","31611","Drama"
"210","Wild Bill (1995)","1995-01-01","Walter Hill","Jeff Bridges, John Hurt, Ellen Barkin, Diane Lane","0114938","65796","Western"
"211","Browning Version, The (1994)","1994-01-01","Mike Figgis","Albert Finney, Matthew Modine, Julian Sands, Greta Scacchi","0109340","49805","Drama"
"212","Bushwhacked (1995)","1995-08-04","Greg Beeman","Daniel Stern, Jon Polito, Brad Sullivan, Ann Dowd, Anthony Heald","0112602","26258","Adventure,Comedy,Crime,Mystery"
"213","Burnt by the Sun (Utomlyonnye solntsem) (1994)","1994-01-01","Nikita Mikhalkov","Oleg Menshikov, Nikita Mikhalkov, Ingeborga Dapkunaite","0111579","50797","Drama"
"214","Before the Rain (Pred dozhdot) (1994)","1995-02-24","Milcho Manchevski","Katrin Cartlidge, Rade Serbedzija, Grégoire Colin, Labina Mitevska, Silvija Stojanovska","0110882","19155","Drama,War"
"215","Before Sunrise (1995)","1995-01-27","Richard Linklater","Ethan Hawke, Julie Delpy","0112471","76","Drama,Romance"
"216","Billy Madison (1995)","1995-01-01","Tamra Davis","Darren McGavin, Adam Sandler, Bradley Whitford, Bridgette Wilson","0112508","11017","Comedy"
"217","Babysitter, The (1995)","1995-10-17","Guy Ferland","Jeremy London, J.T. Walsh, Lee Garlington, Alicia Silverstone","0112438","37141","Drama,Thriller"
"218","Boys on the Side (1995)","1995-02-03","Herbert Ross","Matthew McConaughey, Drew Barrymore, Whoopi Goldberg, Mary-Louise Parker","0112571","9382","Comedy,Drama"
"219","Cure, The (1995)","1995-01-01","Peter Horton","Aeryk Egan, Brad Renfro, Delphine French, Mona Powell","0112757","6715","Drama"
"220","Castle Freak (1995)","1995-11-14","Stuart Gordon","Jeffrey Combs, Jonathan Fuller, Barbara Crampton, Jessica Dollarhide","0112643","18256","Horror"
"222","Circle of Friends (1995)","1995-03-15","Pat O'Connor","Chris O'Donnell, Minnie Driver, Geraldine O'Rawe, Saffron Burrows, Alan Cumming, Colin Firth, Aidan Gillen, Ruth McCabe, Ciarán Hinds","0112679","22625","Drama,Romance"
"223","Clerks (1994)","1994-10-19","Kevin Smith","Brian O'Halloran, Jeff Anderson, Jason Mewes, Kevin Smith, Marilyn Ghigliotti, Lisa Spoonauer","0109445","2292","Comedy"
"224","Don Juan DeMarco (1995)","1995-04-07","Jeremy Leven","Marlon Brando, Johnny Depp, Faye Dunaway, Géraldine Pailhas","0112883","1909","Comedy,Drama,Romance"
"225","Disclosure (1994)","1994-12-09","Barry Levinson","Michael Douglas, Donald Sutherland, Caroline Goodall, Demi Moore","0109635","8984","Drama,Thriller"
"227","Drop Zone (1994)","1994-01-01","John Badham","Gary Busey, Michael Jeter, Wesley Snipes, Yancy Butler","0109676","4954","Action,Thriller"
"228","Destiny Turns on the Radio (1995)","1995-10-10","Jack Baran","Dylan McDermott, Nancy Travis, James LeGros, Quentin Tarantino, James Belushi, David Cross, Richard Edson, Bobcat Goldthwait, Barry Shabaka Henley, Lisa Jane Persky, Tracey Walter, ","0112854","62488","Comedy"
"229","Death and the Maiden (1994)","1994-12-23","Roman Polanski","Ben Kingsley, Sigourney Weaver, Stuart Wilson, Krystia Mova","0109579","10531","Drama,Thriller"
"230","Dolores Claiborne (1995)","1995-03-24","Taylor Hackford","Kathy Bates, Jennifer Jason Leigh, Judy Parfitt, Christopher Plummer, David Strathairn, Eric Bogosian, John C. Reilly, Ellen Muth, Bob Gunton, ","0109642","11929","Drama,Thriller"
"231","Dumb & Dumber (Dumb and Dumber) (1994)","1994-12-16","Peter Farrelly, Bobby Farrelly","Jim Carrey, Jeff Daniels, Lauren Holly, Mike Starr, Karen Duffy, Charles Rocket, Victoria Rowell, Joe Baker, Hank Brandt, Teri Garr, Brady Bluhm, Cam Neely, Felton Perry, Brad Lockerman, Rob Moran, Zen Gesner, Lin Shaye, Harland Williams, Traci Adell","0109686","8467","Adventure,Comedy"
"232","Eat Drink Man Woman (Yin shi nan nu) (1994)","1994-01-01","Ang Lee","Sihung Lung, Yu-Wen Wang, Chien-lien Wu, Kuei-Mei Yang, Sylvia Chang","0111797","10451","Comedy,Drama,Romance"
"233","Exotica (1994)","1995-03-03","Atom Egoyan","Calvin Green, David Hemblen, Peter Krantz, Don McKellar, Mia Kirshner, Elias Koteas, Bruce Greenwood","0109759","20156","Drama"
"234","Exit to Eden (1994)","1994-01-01","Garry Marshall","Dan Aykroyd, Paul Mercurio, Dana Delany, Rosie O'Donnell","0109758","18395","Comedy"
"235","Ed Wood (1994)","1994-09-28","Tim Burton","Johnny Depp, Martin Landau, Patricia Arquette, Sarah Jessica Parker, Bill Murray","0109707","522","Comedy,Drama"
"236","French Kiss (1995)","1995-01-01","Lawrence Kasdan","Timothy Hutton, Kevin Kline, Jean Reno, Meg Ryan","0113117","397","Action,Comedy,Romance"
"237","Forget Paris (1995)","1995-01-01","Billy Crystal","Billy Crystal, Joe Mantegna, Cynthia Stevenson, Debra Winger","0113097","10525","Comedy,Romance"
"238","Far From Home: The Adventures of Yellow Dog (1995)","1995-01-01","Phillip Borsos","Tom Bower, Jesse Bradford, Bruce Davison, Mimi Rogers","0113028","27985","Adventure,Children"
"239","Goofy Movie, A (1995)","1995-04-07","Kevin Lima","Jim Cummings, Bill Farmer, Jason Marsden, Kellie Martin","0113198","15789","Animation,Children,Comedy,Romance"
"240","Hideaway (1995)","1995-01-01","Brett Leonard","Jeff Goldblum, Jeremy Sisto, Christine Lahti, Alicia Silverstone","0113303","27303","Thriller"
"241","Fluke (1995)","1995-01-01","Carlo Carlei","Samuel L. Jackson, Matthew Modine, Eric Stoltz, Nancy Travis","0113089","21183","Children,Drama"
"242","Farinelli: il castrato (1994)","1994-01-01","Gérard Corbiau","Stefano Dionisi, Enrico Lo Verso, Caroline Cellier, Elsa Zylberstein","0109771","10954","Drama,Musical"
"243","Gordy (1995)","1995-05-12","Mark Lewis","Hamilton Camp, James Donadio, Doug Stone, Deborah Hobart, Kristy Young","0113199","47867","Children,Comedy,Fantasy"
"244","Gumby: The Movie (1995)","1995-01-01","Art Clokey","Art Clokey, Charles Farrington, Manny La Carruba, Gloria Clokey","0113234","43475","Animation,Children"
"245","The Glass Shield (1994)","1994-08-01","Charles Burnett","Erich Anderson,Richard Anderson,Michael Boatman,Bernie Casey,Wanda De Jesus,Elliott Gould,Michael Gregory,Don Harvey,Ice Cube,Michael Ironside,Julio Oscar Mechoso,Natalija Nogulich,Lori Petty,Sy Richardson,M. Emmet Walsh","0109906","72031","Crime,Drama"
"246","Hoop Dreams (1994)","1994-10-14","Steve James","Arthur Agee, Curtis Gates, William Gates, Emma Gates","0110057","14275","Documentary"
"247","Heavenly Creatures (1994)","1994-11-16","Peter Jackson","Diana Kent, Melanie Lynskey, Sarah Peirse, Kate Winslet","0110005","1024","Crime,Drama"
"248","Houseguest (1994)","1994-01-01","Randall Miller","Sinbad, Phil Hartman, Kim Greist, Chauncey Leopardi, Kim Murphy","0110066","17207","Comedy"
"249","Immortal Beloved (1994)","1994-01-01","Bernard Rose","Jeroen Krabbé, Gary Oldman, Isabella Rossellini, Johanna ter Steege","0110116","13701","Drama,Romance"
"250","Heavyweights (Heavy Weights) (1995)","1995-02-17","Steven Brill","David Goldman, Joseph Wayne Miller, Cody Burger, Allen Covert, Tim Blake Nelson, Nancy Ringham, Ben Stiller","0110006","14819","Children,Comedy"
"251","Hunted, The (1995)","1995-02-24","J.F. Lawton","Christopher Lambert, John Lone, Joan Chen, Yoshio Harada","0113360","32631","Action"
"252","I.Q. (1994)","1994-12-25","Fred Schepisi","Tim Robbins, Meg Ryan, Walter Matthau, Lou Jacobi","0110099","11777","Comedy,Romance"
"253","Interview with the Vampire: The Vampire Chronicles (1994)","1994-11-11","Neil Jordan","Tom Cruise, Brad Pitt, Kirsten Dunst, Stephen Rea, Antonio Banderas","0110148","628","Drama,Horror"
"254","Jefferson in Paris (1995)","1995-01-01","James Ivory","Nick Nolte, Estelle Eonnet, Thandie Newton, Gwyneth Paltrow","0113463","87729","Drama"
"255","Jerky Boys, The (1995)","1995-02-03","James Melkonian","John G. Brennan, Kamal Ahmed, Alan Arkin, William Hickey, Alan North, Vincent Pastore, Ozzy Osbourne, Paul Bartel, Jorja Fox, Tom Jones","0110189","18713","Comedy"
"256","Junior (1994)","1994-11-23","Ivan Reitman","Danny DeVito, Frank Langella, Arnold Schwarzenegger, Emma Thompson","0110216","6280","Comedy,Sci-Fi"
"257","Just Cause (1995)","1995-01-01","Arne Glimcher","Sean Connery, Laurence Fishburne, Blair Underwood, Kate Capshaw, Ed Harris","0113501","9061","Mystery,Thriller"
"258","Kid in King Arthur's Court, A (1995)","1995-01-01","Michael Gottlieb","Joss Ackland, Art Malik, Thomas Ian Nicholas, Paloma Baeza","0113538","37108","Adventure,Children,Comedy,Fantasy,Romance"
"259","Kiss of Death (1995)","1995-01-01","Barbet Schroeder","David Caruso, Samuel L. Jackson, Nicolas Cage, Helen Hunt, Kathryn Erbe, Stanley Tucci, Michael Rapaport, Ving Rhames, Philip Baker Hall, Anthony Heald, John Costelloe, Anne Meara, Kevin Corrigan, Hope Davis, Paul Calderon, Jill Church, Jay O. Sanders","0113552","6071","Crime,Drama,Thriller"
"260","Star Wars: Episode IV - A New Hope (1977)","1977-05-25","George Lucas","Mark Hamill, Harrison Ford, Carrie Fisher, Peter Cushing, Alec Guinness, James Earl Jones, Anthony Daniels, Kenny Baker, Peter Mayhew, Denis Lawson, David Prowse","0076759","11","Action,Adventure,Sci-Fi"
"261","Little Women (1994)","1994-01-01","Gillian Armstrong","Gabriel Byrne, Trini Alvarado, Samantha Mathis, Winona Ryder, Claire Danes, Kirsten Dunst, Susan Sarandon","0110367","9587","Drama"
"262","Little Princess, A (1995)","1995-01-01","Alfonso Cuarón","Liam Cunningham, Eleanor Bron, Liesel Matthews, Rusty Schwimmer","0113670","19101","Children,Drama"
"263","Ladybird Ladybird (1994)","1994-01-01","Ken Loach","Vladimir Vega, Mauricio Venegas, Sandie Lavelle, Crissy Rock","0110296","49980","Drama"
"264","Enfer, L' (1994)","1994-10-19","Claude Chabrol","François Cluzet, André Wilms, Emmanuelle Béart, Nathalie Cardone","0109731","17961","Drama"
"265","Like Water for Chocolate (Como agua para chocolate) (1992)","1993-02-17","Alfonso Arau","Marco Leonardi, Lumi Cavazos, Regina Torné, Mario Iván Martínez, Ada Carrasco","0103994","18183","Drama,Fantasy,Romance"
"266","Legends of the Fall (1994)","1994-12-16","Edward Zwick","Anthony Hopkins, Brad Pitt, Aidan Quinn, Julia Ormond","0110322","4476","Drama,Romance,War,Western"
"267","Major Payne (1995)","1995-03-24","Nick Castle","Damon Wayans, Karyn Parsons, William Hickey, Michael Ironside, Albert Hall","0110443","11008","Comedy"
"268","Little Odessa (1994)","1995-05-19","James Gray","Edward Furlong, Tim Roth, Moira Kelly, Vanessa Redgrave","0110365","47504","Crime,Drama"
"269","My Crazy Life (Mi vida loca) (1993)","1993-01-01","Allison Anders","Angel Aviles, Seidy Lopez, Jacob Vargas, Devine","0107566","32325","Drama"
"270","Love Affair (1994)","1994-01-01","Glenn Gordon Caron","Warren Beatty, Garry Shandling, Annette Bening, Katharine Hepburn","0110391","43742","Drama,Romance"
"271","Losing Isaiah (1995)","1995-01-01","Stephen Gyllenhaal","Cuba Gooding Jr., David Strathairn, Halle Berry, Jessica Lange","0113691","28313","Drama"
"272","Madness of King George, The (1994)","1994-12-28","Nicholas Hytner","Nigel Hawthorne, Ian Holm, Helen Mirren, Rupert Graves, Amanda Donohoe, Rupert Everett","0110428","11318","Comedy,Drama"
"273","Mary Shelley's Frankenstein (Frankenstein) (1994)","1994-11-04","Kenneth Branagh","Robert De Niro, Kenneth Branagh, Tom Hulce, Helena Bonham Carter, Aidan Quinn, Ian Holm, John Cleese","0109836","3036","Drama,Horror,Sci-Fi"
"274","Man of the House (1995)","1995-01-01","James Orr","Chevy Chase, Jonathan Taylor Thomas, George Wendt, Farrah Fawcett","0113755","40490","Comedy"
"275","Mixed Nuts (1994)","1994-12-21","Nora Ephron","Robert Klein, Anthony LaPaglia, Steve Martin, Madeline Kahn","0110538","24070","Comedy"
"276","Milk Money (1994)","1994-01-01","Richard Benjamin","Michael Patrick Carter, Ed Harris, Malcolm McDowell, Melanie Griffith","0110516","8986","Comedy,Romance"
"277","Miracle on 34th Street (1994)","1994-01-01","Les Mayfield","Richard Attenborough, Dylan McDermott, J.T. Walsh, Elizabeth Perkins","0110527","10510","Drama"
"278","Miami Rhapsody (1995)","1995-01-27","David Frankel","Antonio Banderas, Gil Bellows, Mia Farrow, Sarah Jessica Parker","0113808","17402","Comedy"
"279","My Family (1995)","1995-01-01","Gregory Nava","Eduardo López Rojas, Esai Morales, Edward James Olmos, Jimmy Smits","0113896","38722","Drama"
"280","Murder in the First (1995)","1995-01-01","Marc Rocco","Kevin Bacon, Gary Oldman, Christian Slater, Embeth Davidtz","0113870","8438","Drama,Thriller"
"281","Nobody's Fool (1994)","1994-12-23","Robert Benton","Paul Newman, Jessica Tandy, Bruce Willis, Melanie Griffith, Dylan Walsh, Pruitt Taylor Vince, Gene Saks, Josef Sommer, Philip Seymour Hoffman, Philip Bosco, Catherine Dent, Margo Martindale, ","0110684","11593","Comedy,Drama,Romance"
"282","Nell (1994)","1994-12-23","Michael Apted","Richard Libertini, Liam Neeson, Jodie Foster, Natasha Richardson","0110638","1945","Drama"
"283","New Jersey Drive (1995)","1995-01-01","Nick Gomez","Sharron Corley, Gabriel Casseus, Saul Stein, Gwen McKee","0113967","39310","Crime,Drama"
"285","Beyond Bedlam (1993)","1993-01-01","Vadim Jean","Keith Allen, Craig Fairbrass, Anita Dobson, Elizabeth Hurley","0106402","56428","Drama,Horror"
"286","Nemesis 2: Nebula (1995)","1995-01-01","Albert Pyun","Chad Stahelski, Earl White, Tina Cote, Sue Price","0113948","63105","Action,Sci-Fi,Thriller"
"287","Nina Takes a Lover (1994)","1995-03-03","Alan Jacobs","Michael O'Keefe, Paul Rhys, Cristi Conaway, Laura San Giacomo","0110671","131957","Comedy,Romance"
"288","Natural Born Killers (1994)","1994-08-26","Oliver Stone","Woody Harrelson, Juliette Lewis, Rodney Dangerfield, Tommy Lee Jones, Robert Downey Jr., Richard Lineback, Balthazar Getty, Ed White, O-Lan Jones","0110632","241","Action,Crime,Thriller"
"289","Only You (1994)","1994-10-07","Norman Jewison","Marisa Tomei, Robert Downey Jr., Bonnie Hunt, Joaquim de Almeida, Fisher Stevens, Billy Zane, Adam LeFevre, John Benjamin Hickey, Siobhan Fallon, ","0110737","9058","Comedy,Romance"
"290","Once Were Warriors (1994)","1995-03-03","Lee Tamahori","Julian Arahanga, Temuera Morrison, Mamaengaroa Kerr-Bell, Rena Owen","0110729","527","Crime,Drama"
"291","Poison Ivy II (1996)","0000-00-00","Anne Goursaud","Alyssa Milano, Johnathon Schaech, Xander Berkeley, Belinda Bauer, Camilla Belle, Kathryne Dora Brown","0114151","18220","Drama,Thriller"
"292","Outbreak (1995)","1995-03-10","Wolfgang Petersen","Morgan Freeman, Dustin Hoffman, Kevin Spacey, Rene Russo, Cuba Gooding Jr., Donald Sutherland, Patrick Dempsey","0114069","6950","Action,Drama,Sci-Fi,Thriller"
"293","Léon: The Professional (a.k.a. The Professional) (Léon) (1994)","1994-11-18","Luc Besson","Jean Reno, Gary Oldman, Natalie Portman, Danny Aiello, Peter Appel","0110413","101","Action,Crime,Drama,Thriller"
"294","Perez Family, The (1995)","1995-01-01","Mira Nair","Alfred Molina, Chazz Palminteri, Anjelica Huston, Marisa Tomei","0114113","63020","Comedy,Romance"
"295","Pyromaniac's Love Story, A (1995)","1995-01-01","Joshua Brand","William Baldwin, John Leguizamo, Erika Eleniak, Sadie Frost","0114210","2307","Comedy,Romance"
"296","Pulp Fiction (1994)","1994-09-23","Quentin Tarantino","John Travolta, Samuel L. Jackson, Tim Roth, Amanda Plummer, Eric Stoltz, Bruce Willis, Ving Rhames, Phil LaMarr, Maria de Medeiros, Rosanna Arquette, Peter Greene, Uma Thurman, Duane Whitaker, Frank Whaley, Steve Buscemi, Christopher Walken, Julia Sweeney, Alexis Arquette, Kathy Griffin, Quentin Tarantino, Harvey Keitel","0110912","680","Comedy,Crime,Drama,Thriller"
"297","Panther (1995)","1995-01-01","Mario Van Peebles","Joe Don Baker, Kadeem Hardison, Courtney B. Vance, Bokeem Woodbine","0114084","41478","Drama"
"298","Pushing Hands (Tui shou) (1992)","1995-06-02","Ang Lee","Bin Chao, Victor Chan, Lester Chit-Man Chan, Fanny De Luz","0105652","25296","Drama"
"299","Priest (1994)","1995-03-24","Antonia Bird","Robert Carlyle, Linus Roache, Tom Wilkinson, Cathy Tyson","0110889","40156","Drama"
"300","Quiz Show (1994)","1994-09-14","Robert Redford","Ralph Fiennes, Rob Morrow, Paul Scofield, John Turturro","0110932","11450","Drama"
"301","Picture Bride (Bijo photo) (1994)","1995-05-05","Kayo Hatta","Youki Kudoh, Cary-Hiroyuki Tagawa, Tamlyn Tomita, Akira Takayama, Yôko Sugi, Christianne Mays, Toshirô Mifune","0114129","30304","Drama,Romance"
"302","Queen Margot (Reine Margot, La) (1994)","1994-05-13","Patrice Chéreau","Isabelle Adjani, Daniel Auteuil, Jean-Hugues Anglade, Vincent Perez, Virna Lisi, Dominique Blanc, Asia Argento, Thomas Kretschmann, Barbet Schroeder, Otto Tausig, Valeria Bruni Tedeschi, Julie-Anne Roth","0110963","10452","Drama,Romance"
"303","Quick and the Dead, The (1995)","1995-02-10","Sam Raimi","Russell Crowe, Leonardo DiCaprio, Gene Hackman, Sharon Stone","0114214","12106","Action,Thriller,Western"
"304","Roommates (1995)","1995-01-01","Peter Yates","Peter Falk, D.B. Sweeney, Ellen Burstyn, Julianne Moore","0114296","161495","Comedy,Drama"
"305","Ready to Wear (Pret-A-Porter) (1994)","1994-01-01","Robert Altman","Marcello Mastroianni, Sophia Loren, Jean-Pierre Cassel, Kim Basinger,Stephen Rea, Rupert Everett, Lili Taylor, Forest Whitaker, Julia Roberts, Tim Robbins, Lauren Bacall, Lyle Lovett, Tracey Ullman, Cher","0110907","3586","Comedy"
"306","Three Colors: Red (Trois couleurs: Rouge) (1994)","1994-12-01","Krzysztof Kieslowski","Irène Jacob, Jean-Louis Trintignant, Frédérique Feder","0111495","110","Drama"
"307","Three Colors: Blue (Trois couleurs: Bleu) (1993)","1993-09-03","Krzysztof Kieslowski","Juliette Binoche, Benoît Régent, Florence Pernel, Charlotte Véry, Hélène Vincent","0108394","108","Drama"
"308","Three Colors: White (Trzy kolory: Bialy) (1994)","1994-02-14","Krzysztof Kieslowski","Zbigniew Zamachowski, Julie Delpy, Janusz Gajos, Jerzy Stuhr, Aleksander Bardini","0111507","109","Comedy,Drama"
"309","Red Firecracker, Green Firecracker (Pao Da Shuang Deng) (1994)","1995-03-17","Ping He","Jing Ning, Gang Wu, Xiaorui Zhao, Yang Gao, Xu Zhengyun","0110769","159185","Drama"
