"411","Martin Lawrence: You So Crazy (1994)","1994-04-27","Thomas Schlamme","Martin Lawrence","0111804","38129","Comedy,Documentary"
"412","Age of Innocence, The (1993)","1993-01-01","Martin Scorsese","Daniel Day-Lewis, Linda Faye Farkas, Michelle Pfeiffer, Winona Ryder","0106226","10436","Drama"
"413","Airheads (1994)","1994-08-05","Michael Lehmann","Steve Buscemi, Chris Farley, Brendan Fraser, Adam Sandler, Joe Mantegna, David Arquette, Amy Locane, Ernie Hudson, Judd Nelson, Michael McKean, Michael Richards","0109068","13595","Comedy"
"414","Air Up There, The (1994)","1994-01-01","Paul Michael Glaser","Kevin Bacon, Charles Gitonga Maina, Winston Ntshona, Yolanda Vazquez","0109067","46094","Comedy"
"415","Another Stakeout (1993)","1993-01-01","John Badham","Richard Dreyfuss, Emilio Estevez, Dennis Farina, Rosie O'Donnell","0106292","9409","Comedy,Thriller"
"416","Bad Girls (1994)","1994-01-01","Jonathan Kaplan","Drew Barrymore, Andie MacDowell, Mary Stuart Masterson, Madeleine Stowe","0109198","11853","Western"
"417","Barcelona (1994)","1994-01-01","Whit Stillman","Chris Eigeman, Taylor Nichols, Tushka Bergen, Mira Sorvino","0109219","16771","Comedy,Romance"
"418","Being Human (1993)","1994-05-06","Bill Forsyth","Robert Carlyle, Max Johnson, Robin Williams, Maudie Johnson","0106379","46924","Drama"
"419","Beverly Hillbillies, The (1993)","1993-01-01","Penelope Spheeris","Diedrich Bader, Buddy Ebsen, Jim Varney, Erika Eleniak, Cloris Leachman","0106400","11041","Comedy"
"420","Beverly Hills Cop III (1994)","1994-05-25","John Landis","Eddie Murphy, Jon Tenney, Joey Travolta, Gilbert R. Hill, Louis Lombardi, Timothy Carhart, Michael Bowen, Stephen McHattie, Al Green, Hattie Winston, Judge Reinhold, Hector Elizondo, Theresa Randle, George Lucas, Jonathan Hernandez, John Saxon, Alan Young, Bronson Pinchot, Julie Strain, Helen Martin, Joe Dante, Arthur Hiller, Ray Harryhausen, Barbet Schroeder, John Singleton, Bob Minor, Thomas Rosales Jr., ","0109254","306","Action,Comedy,Crime,Thriller"
"421","Black Beauty (1994)","1994-07-29","Caroline Thompson","Sean Bean, Jim Carter, Peter Davison, David Thewlis","0109279","14522","Adventure,Children,Drama"
"422","Blink (1994)","1994-01-26","Michael Apted","Peter Friedman, Aidan Quinn, James Remar, Madeleine Stowe","0109297","26203","Thriller"
"423","Blown Away (1994)","1994-01-01","Stephen Hopkins","Jeff Bridges, Lloyd Bridges, Tommy Lee Jones, Suzy Amis,Forest Whitaker","0109303","178","Action,Thriller"
"424","Blue Chips (1994)","1994-02-18","William Friedkin","Nick Nolte, Ed O'Neill, J.T. Walsh, Mary McDonnell","0109305","19819","Drama"
"425","Blue Sky (1994)","1994-09-16","Tony Richardson","Jessica Lange, Tommy Lee Jones, Powers Boothe, Carrie Snodgress, Amy Locane, Chris O'Donnell, Mitch Ryan, Dale Dye, Timothy Bottoms","0109306","57834","Drama,Romance"
"426","Body Snatchers (1993)","1993-01-01","Abel Ferrara","Terry Kinney, Gabrielle Anwar, Meg Tilly, Reilly Murphy, Billy Wirth, Forest Whitaker, R. Lee Ermey","0106452","4722","Horror,Sci-Fi,Thriller"
"427","Boxing Helena (1993)","1993-09-03","Jennifer Chambers Lynch","Bill Paxton, Julian Sands, Kurtwood Smith, Sherilyn Fenn","0106471","18215","Drama,Mystery,Romance,Thriller"
"428","Bronx Tale, A (1993)","1993-09-29","Robert De Niro","Robert De Niro, Chazz Palminteri, Lillo Brancato, Francis Capra, Kathrine Narducci, Joe Pesci, Joe D'Onofrio, ","0106489","1607","Drama"
"429","Cabin Boy (1994)","1994-01-07","Adam Resnick","Ritch Brinkley, Brian Doyle-Murray, Chris Elliott, James Gammon, Ricki Lake","0109361","26391","Comedy"
"430","Calendar Girl (1993)","1993-09-03","John Whitesell","Jerry O'Connell, Gabriel Olds, Joe Pantoliano, Jason Priestley","0106505","117553","Comedy,Drama"
"431","Carlito's Way (1993)","1993-01-01","Brian De Palma","Al Pacino, Sean Penn, Penelope Ann Miller, John Leguizamo, Luis Guzmán, James Rebhorn, Joseph Siravo, Viggo Mortensen, Adrian Pasdar, Paul Mazursky, Jon Seda, Chuck Zito, Vincent Pastore, Marc Anthony","0106519","6075","Crime,Drama"
"432","City Slickers II: The Legend of Curly's Gold (1994)","1994-01-01","Paul Weiland","Billy Crystal, Jon Lovitz, Jack Palance, Daniel Stern","0109439","11310","Adventure,Comedy,Western"
"433","Clean Slate (1994)","1994-05-06","Mick Jackson","Dana Carvey, James Earl Jones, Kevin Pollak, Valeria Golino","0109443","18658","Comedy"
"434","Cliffhanger (1993)","1993-05-28","Renny Harlin","John Lithgow, Michael Rooker, Sylvester Stallone, Janine Turner, Paul Winfield","0106582","9350","Action,Adventure,Thriller"
"435","Coneheads (1993)","1993-07-23","Steve Barron","Dan Aykroyd, Michael McKean, Michelle Burke, Jane Curtin","0106598","9612","Comedy,Sci-Fi"
"436","Color of Night (1994)","1994-01-01","Richard Rush","Rubén Blades, Bruce Willis, Jane March, Lesley Ann Warren","0109456","2124","Drama,Thriller"
"437","Cops and Robbersons (1994)","1994-01-01","Michael Ritchie","Chevy Chase, Robert Davi, Jack Palance, Dianne Wiest","0109480","26261","Comedy"
"438","Cowboy Way, The (1994)","1994-06-03","Gregg Champion","Woody Harrelson, Ernie Hudson, Dylan McDermott, Kiefer Sutherland","0109493","19176","Action,Comedy,Drama"
"439","Dangerous Game (1993)","1993-11-19","Abel Ferrara","Harvey Keitel, James Russo, Nancy Ferrara, Madonna ","0106660","49299","Drama"
"440","Dave (1993)","1993-05-07","Ivan Reitman","Kevin Dunn, Kevin Kline, Frank Langella, Sigourney Weaver, Ving Rhames, Ben Kingsley, Charles Grodin","0106673","11566","Comedy,Romance"
"441","Dazed and Confused (1993)","1993-01-01","Richard Linklater","Jason London, Rory Cochrane, Wiley Wiggins, Sasha Jenson, Michelle Burke, Adam Goldberg, Anthony Rapp, Matthew McConaughey, Marissa Ribisi, Shawn Andrews, Cole Hauser, Milla Jovovich, Joey Lauren Adams, Christin Hinojosa, Ben Affleck, Parker Posey, Renée Zellweger","0106677","9571","Comedy"
"442","Demolition Man (1993)","1993-10-08","Marco Brambilla","Sylvester Stallone, Wesley Snipes, Sandra Bullock, Nigel Hawthorne, Benjamin Bratt, Bob Gunton, Glenn Shadix, Denis Leary, Jack Black, Jesse Ventura, Adrienne Barbeau, Rob Schneider","0106697","9739","Action,Adventure,Sci-Fi"
"443","Endless Summer 2, The (1994)","1994-06-03","Bruce Brown","Bruce Brown, Robert 'Wingnut' Weaver, Patrick O'Connell","0109729","24257","Adventure,Documentary"
"444","Even Cowgirls Get the Blues (1993)","1993-01-01","Gus Van Sant","Uma Thurman, Lorraine Bracco, Pat Morita, Angie Dickinson, Keanu Reeves, John Hurt, Rain Phoenix, Ed Begley Jr., Carol Kane, Sean Young, Crispin Glover, Roseanne, Heather Graham, Udo Kier","0106834","34444","Comedy,Romance"
"445","Fatal Instinct (1993)","1993-01-01","Carl Reiner","Armand Assante, Sherilyn Fenn, Kate Nelligan, Sean Young, Christopher McDonald, James Remar, Tony Randall, John Witherspoon, Blake Clark, Carl Reiner, Eartha Kitt, Christopher Darga, Jane Lynch, Jacob Vargas, Bob Uecker, George Lopez, Bill Cobbs, Rosie O'Donnell","0106873","26141","Comedy"
"446","Farewell My Concubine (Ba wang bie ji) (1993)","1993-10-15","Chen Kaige","Leslie Cheung, Gong Li, Zhang Fengyi","0106332","10997","Drama,Romance"
"447","Favor, The (1994)","1994-01-01","Donald Petrie","Brad Pitt, Bill Pullman, Harley Jane Kozak, Elizabeth McGovern","0109783","50463","Comedy,Romance"
"448","Fearless (1993)","1993-10-15","Peter Weir","Jeff Bridges, Tom Hulce, Rosie Perez, Isabella Rossellini, John Turturro","0106881","10443","Drama"
"449","Fear of a Black Hat (1994)","1994-06-03","Rusty Cundieff","Mark Christopher Lawrence, Larry B. Scott, Rusty Cundieff, Kasi Lemmons, Howie Gold","0106880","20239","Comedy"
"450","With Honors (1994)","1994-04-29","Alek Keshishian","Patrick Dempsey, Brendan Fraser, Joe Pesci, Moira Kelly","0111732","16297","Comedy,Drama"
"451","Flesh and Bone (1993)","1993-11-05","Steven Kloves","James Caan, Dennis Quaid, Barbara Alyn Woods, Gwyneth Paltrow, Meg Ryan, Scott Wilson, John Hawkes, Vic Polizos, Joe Stevens","0106926","18551","Drama,Mystery,Romance"
"452","Widows' Peak (1994)","1994-05-13","John Irvin","Adrian Dunbar, Mia Farrow, Joan Plowright, Natasha Richardson","0111712","25440","Drama"
"453","For Love or Money (1993)","1993-01-01","Barry Sonnenfeld","Michael J. Fox, Gabrielle Anwar, Anthony Higgens, Fyvush Finkel, Saverio Guerra, Daniel Hagen, Mike Moyer","0106941","9024","Comedy,Romance"
"454","Firm, The (1993)","1993-01-01","Sydney Pollack","Tom Cruise, Gene Hackman, Hal Holbrook, Jeanne Tripplehorn","0106918","37233","Drama,Thriller"
"455","Free Willy (1993)","1993-07-16","Simon Wincer","Jason James Richter,August Schellenberg,Jayne Atkinson,Lori Petty,Michael Madsen,Michael Ironside,Richard Riehle,Mykelti Williamson,Michael Bacall,Danielle Harris","0106965","1634","Adventure,Children,Drama"
"456","Fresh (1994)","1994-08-24","Boaz Yakin","Giancarlo Esposito, Samuel L. Jackson, Sean Nelson, N'Bushe Wright","0109842","13815","Crime,Drama,Thriller"
"457","Fugitive, The (1993)","1993-08-06","Andrew Davis","Harrison Ford, Tommy Lee Jones, Julianne Moore, Sela Ward","0106977","5503","Thriller"
"458","Geronimo: An American Legend (1993)","1993-12-10","Walter Hill","Jason Patric, Gene Hackman, Robert Duvall, Wes Studi, Matt Damon, Stephen McHattie, Mark Boone Junior, M.C. Gainey, Scott Wilson","0107004","35588","Drama,Western"
"459","Getaway, The (1994)","1994-01-01","Roger Donaldson","Alec Baldwin, Kim Basinger, Michael Madsen, James Woods, David Morse, Jennifer Tilly, Richard Farnsworth, Philip Seymour Hoffman","0109890","2087","Action,Adventure,Crime,Drama,Romance,Thriller"
"460","Getting Even with Dad (1994)","1994-01-01","Howard Deutch","Macaulay Culkin, Ted Danson, Saul Rubinek, Glenne Headly","0109891","41579","Comedy"
"461","Go Fish (1994)","1994-01-01","Rose Troche","V.S. Brodie, T. Wendy McMillan, Anastasia Sharp, Guinevere Turner","0109913","18620","Drama,Romance"
"462","Good Man in Africa, A (1994)","1994-09-09","Bruce Beresford","Sean Connery, Colin Friels, John Lithgow, Diana Rigg, Louis Gossett Jr., Joanne Whalley","0109920","41006","Action,Adventure"
"463","Guilty as Sin (1993)","1993-01-01","Sidney Lumet","Don Johnson, Stephen Lang, Jack Warden, Rebecca De Mornay","0107057","4916","Crime,Drama,Thriller"
"464","Hard Target (1993)","1993-08-20","John Woo","Jean-Claude Van Damme, Robert Apisa, Lance Henriksen, Chuck Pfarrer, Arnold Vosloo, Yancy Butler, Willie C. Carpenter","0107076","2019","Action,Adventure,Crime,Thriller"
"465","Heaven & Earth (1993)","1993-01-01","Oliver Stone","Haing S. Ngor, Supak Pititam, Joan Chen, Bussaro Sanruck","0107096","31642","Action,Drama,War"
"466","Hot Shots! Part Deux (1993)","1993-05-21","Jim Abrahams","Charlie Sheen, Lloyd Bridges, Valeria Golino, Richard Crenna, Miguel Ferrer, Rowan Atkinson, Mitch Ryan, Michael Colyar, Ryan Stiles, Bob Vila, James Lew, Gerald Okamura, Shaun Toub, Andreas Katsulas, Clyde Kusatsu, Martin Sheen","0107144","9255","Action,Comedy,War"
"467","Live Nude Girls (1995)","1996-03-01","Julianna Lavin","Kim Cattrall, Dana Delany, Laila Robins, Cynthia Stevenson","0113674","26271","Comedy"
"468","Englishman Who Went Up a Hill But Came Down a Mountain, The (1995)","1995-01-01","Christopher Monger","Hugh Grant, Tara Fitzgerald, Colm Meaney, Ian McNeice, Ian Hart","0112966","10612","Comedy,Romance"
"469","House of the Spirits, The (1993)","1993-01-01","Bille August","Jeremy Irons, Glenn Close, Winona Ryder, Meryl Streep, Antonio Banderas","0107151","2259","Drama,Romance"
"470","House Party 3 (1994)","1994-01-01","Eric Meza","Christopher Martin, Christopher Reid, Khandi Alexander, Angela Means","0110064","16097","Comedy"
"471","Hudsucker Proxy, The (1994)","1994-03-11","Joel Coen","Tim Robbins, Jennifer Jason Leigh, Paul Newman, Charles Durning","0110074","11934","Comedy"
"472","I'll Do Anything (1994)","1994-01-01","James L. Brooks","Albert Brooks, Nick Nolte, Julie Kavner, Whittni Wright","0110097","106143","Comedy,Drama"
"473","In the Army Now (1994)","1994-01-01","Daniel Petrie Jr.","Andy Dick, David Alan Grier, Pauly Shore, Lori Petty","0110123","12475","Comedy,War"
"474","In the Line of Fire (1993)","1993-07-09","Wolfgang Petersen","Clint Eastwood, John Malkovich, Dylan McDermott, Rene Russo","0107206","9386","Action,Thriller"
"475","In the Name of the Father (1993)","1993-12-29","Jim Sheridan","Daniel Day-Lewis, Pete Postlethwaite, Emma Thompson, John Lynch,  Corin Redgrave, Don Baker, Saffron Burrows","0107207","7984","Drama"
"476","Inkwell, The (1994)","1994-01-01","Matty Rich","Joe Morton, Larenz Tate, Glynn Turman, Suzzanne Douglass","0110137","59930","Comedy,Drama"
"477","What's Love Got to Do with It? (1993)","1993-06-09","Brian Gibson","Angela Bassett, Laurence Fishburne, Vanessa Bell Calloway, Jenifer Lewis, Rae'Ven Larrymore Kelly","0108551","15765","Drama,Musical"
"478","Jimmy Hollywood (1994)","1994-03-30","Barry Levinson","Joe Pesci, Christian Slater, Victoria Abril, Jason Beghe,","0110197","31643","Comedy,Crime,Drama"
"479","Judgment Night (1993)","1993-10-15","Stephen Hopkins","Stephen Dorff, Emilio Estevez, Cuba Gooding Jr., Denis Leary, Jeremy Piven","0107286","6","Action,Crime,Thriller"
"480","Jurassic Park (1993)","1993-06-11","Steven Spielberg","Richard Attenborough, Jeff Goldblum, Sam Neill, Laura Dern","0107290","329","Action,Adventure,Sci-Fi,Thriller"
"481","Kalifornia (1993)","1993-01-01","Dominic Sena","David Duchovny, Brad Pitt, Michelle Forbes, Juliette Lewis","0107302","10909","Drama,Thriller"
"482","Killing Zoe (1994)","1994-01-01","Roger Avary","Jean-Hugues Anglade, Eric Stoltz, Tai Thai, Julie Delpy","0110265","507","Crime,Drama,Thriller"
"483","King of the Hill (1993)","1993-01-01","Steven Soderbergh","Jesse Bradford, Jeroen Krabbé, Karen Allen, Lisa Eichhorn","0107322","34024","Drama"
"484","Lassie (1994)","1994-01-01","Daniel Petrie","Frederic Forrest, Tom Guiry, Jon Tenney, Helen Slater","0110305","29918","Adventure,Children"
"485","Last Action Hero (1993)","1993-01-01","John McTiernan","F. Murray Abraham, Art Carney, Charles Dance, Austin O'Brien, Arnold Schwarzenegger","0107362","9593","Action,Adventure,Comedy,Fantasy"
"486","Life with Mikey (1993)","1993-01-01","James Lapine","Michael J. Fox, Nathan Lane, Cyndi Lauper, Christina Vidal, David Krumholtz, Victor Garber","0107413","42580","Comedy"
"487","Lightning Jack (1994)","1994-01-01","Simon Wincer","Cuba Gooding Jr., Paul Hogan, Beverly D'Angelo, Kamala Lopez-Dawson","0110353","22317","Comedy,Western"
"488","M. Butterfly (1993)","1993-01-01","David Cronenberg","Jeremy Irons, John Lone, Ian Richardson, Barbara Sukowa","0107468","1413","Drama,Romance"
"489","Made in America (1993)","1993-05-28","Richard Benjamin","Ted Danson, Will Smith, Whoopi Goldberg, Nia Long","0107478","12121","Comedy"
"490","Malice (1993)","1993-01-01","Harold Becker","Alec Baldwin, Bill Pullman, Nicole Kidman, Bebe Neuwirth","0107497","2246","Thriller"
"491","Man Without a Face, The (1993)","1993-01-01","Mel Gibson","Mel Gibson, Nick Stahl, Fay Masterson, Margaret Whitton","0107501","10502","Drama"
"492","Manhattan Murder Mystery (1993)","1993-08-18","Woody Allen","Woody Allen, Diane Keaton, Jerry Adler, Lynn Cohen, Ron Rifkin, Joy Behar, William Addy, John Doumanian, Sylvia Kauders, Ira Wheeler, Alan Alda, Anjelica Huston, Zach Braff, Aida Turturro","0107507","10440","Comedy,Mystery"
"493","Menace II Society (1993)","1993-05-26","Albert Hughes, Allen Hughes","Tyrin Turner, Larenz Tate, Toshi Toda, Samuel L. Jackson, Glenn Plummer, Khandi Alexander, Jada Pinkett Smith, Pooh Man, MC Eiht, Vonte Sweet, Clifton Powell, Too $hort, Dave Kirsch, Bill Duke, Charles S. Dutton, Clifton Collins Jr.","0107554","9516","Action,Crime,Drama"
"494","Executive Decision (1996)","1996-03-09","Stuart Baird","Kurt Russell, Steven Seagal, Halle Berry, John Leguizamo, Oliver Platt, Joe Morton, B.D. Wong, Len Cariou, Andreas Katsulas, J.T. Walsh, Ken Jenkins, Richard Riehle, Ahmed Ahmed, Shaun Toub, David Suchet, Ray Baker, Michael Milhoan, Yvonne Zima, Marianne Muellerleile, Juan Fernández, ","0116253","2320","Action,Adventure,Thriller"
"495","In the Realm of the Senses (Ai no corrida) (1976)","1976-03-08","Nagisa Ôshima","Eiko Matsuda, Tatsuya Fuji, Aoi Nakajima, Yasuko Matsui, Meika Seri","0074102","5879","Drama"
"496","What Happened Was... (1994)","1994-09-26","Tom Noonan","Tom Noonan, Karen Sillas","0111689","83718","Comedy,Drama,Romance,Thriller"
"497","Much Ado About Nothing (1993)","1993-05-07","Kenneth Branagh","Kenneth Branagh, Emma Thompson, Richard Briers, Robert Sean Leonard, Keanu Reeves, Kate Beckinsale, Denzel Washington, Michael Keaton, Brian Blessed, Imelda Staunton","0107616","11971","Comedy,Romance"
"498","Mr. Jones (1993)","1993-10-08","Mike Figgis","Richard Gere, Tom Irwin, Anne Bancroft, Lena Olin","0107611","2625","Drama,Romance"
"499","Mr. Wonderful (1993)","1993-01-01","Anthony Minghella","Matt Dillon, William Hurt, Mary-Louise Parker, Annabella Sciorra","0107613","31911","Comedy,Romance"
"500","Mrs. Doubtfire (1993)","1993-11-24","Chris Columbus","Robin Williams, Sally Field, Pierce Brosnan, Harvey Fierstein, Robert Prosky","0107614","788","Comedy,Drama"
"501","Naked (1993)","1993-12-15","Mike Leigh","David Thewlis, Lesley Sharp, Katrin Cartlidge, Greg Cruttwell, Claire Skinner","0107653","21450","Drama"
"502","Next Karate Kid, The (1994)","1994-08-12","Christopher Cain","Michael Ironside, Pat Morita, Hilary Swank, Constance Towers","0110657","11231","Action,Children,Romance"
"503","New Age, The (1994)","1994-01-01","Michael Tolkin","Peter Weller, Judy Davis, Patrick Bauchau, Rachel Rosenthal, Adam West, Paula Marshall, Patricia Heaton, John Diehl, Samuel L. Jackson, Audra Lindley, Corbin Bernsen","0110649","41588","Drama"
"504","No Escape (1994)","1994-04-29","Martin Campbell","Kevin Dillon, Lance Henriksen, Ray Liotta, Stuart Wilson","0110678","10447","Action,Drama,Sci-Fi"
"505","North (1994)","1994-01-01","Rob Reiner","Jason Alexander, Marc Shaiman, Elijah Wood, Julia Louis-Dreyfus, Bruce Willis","0110687","31586","Comedy"
"506","Orlando (1992)","1993-06-09","Sally Potter","Tilda Swinton, Quentin Crisp, Jimmy Sommerville, John Bott, Elaine Banham","0107756","9300","Drama,Fantasy,Romance"
"507","Perfect World, A (1993)","1993-11-24","Clint Eastwood","Kevin Costner, Clint Eastwood, T.J. Lowther, Laura Dern","0107808","9559","Crime,Drama,Thriller"
"508","Philadelphia (1993)","1993-12-23","Jonathan Demme","Tom Hanks, Denzel Washington, Jason Robards, Robert Ridgely, Antonio Banderas","0107818","9800","Drama"
"509","Piano, The (1993)","1993-11-12","Jane Campion","Harvey Keitel, Sam Neill, Holly Hunter, Anna Paquin","0107822","713","Drama,Romance"
"510","Poetic Justice (1993)","1993-07-23","John Singleton","Janet Jackson, Tupac Shakur, Khandi Alexander, Maya Angelou, Michael Colyar, John Cothran Jr., Clifton Collins Jr., Regina King, Jenifer Lewis, Tone Loc, Lori Petty, Q-Tip, Michael Rapaport, Roger Guenveur Smith, Joe Torry, Billy Zane","0107840","8291","Drama"
"511","Program, The (1993)","1993-09-24","David S. Ward","James Caan, Halle Berry, Omar Epps, Craig Sheffer, Kristy Swanson, Abraham Benrubi, Joey Lauren Adams, Chris Berman, Rhoda Griffis","0107889","18133","Action,Drama"
