"309","Red Firecracker, Green Firecracker (Pao Da Shuang Deng) (1994)","1995-03-17","Ping He","Jing Ning, Gang Wu, Xiaorui Zhao, Yang Gao, Xu Zhengyun","0110769","159185","Drama"
"310","Rent-a-Kid (1995)","1995-11-04","Fred Gerber","Christopher Lloyd, Matt McCoy, Leslie Nielsen, Sherry Miller, Amos Crawley, Amanda Tapping","0114268","36357","Comedy"
"311","Relative Fear (1994)","1994-01-01","George Mihalka","James Brolin, Martin Neufeld, Denise Crosby, Darlanne Fluegel","0110965","92769","Horror,Thriller"
"312","Stuart Saves His Family (1995)","1995-01-01","Harold Ramis","Vincent D'Onofrio, Al Franken, Shirley Knight, Laura San Giacomo","0114571","28033","Comedy"
"313","Swan Princess, The (1994)","1994-01-01","Richard Rich","John Cleese, Howard McGillin, Jack Palance, Michelle Nicastro","0111333","22586","Animation,Children"
"314","Secret of Roan Inish, The (1994)","1994-01-01","John Sayles","Dave Duffy, Declan Hannigan, Pat Slowey, Jeni Courtney","0111112","14334","Children,Drama,Fantasy,Mystery"
"315","Specialist, The (1994)","1994-01-01","Luis Llosa","Sylvester Stallone, Rod Steiger, James Woods, Sharon Stone, Eric Roberts","0111255","2636","Action,Drama,Thriller"
"316","Stargate (1994)","1994-10-28","Roland Emmerich","Kurt Russell, James Spader, Alexis Cruz, Viveca Lindfors, Mili Avital, John Diehl, Leon Rippy, Carlos Lauchu, Djimon Hounsou, Erick Avari, French Stewart, Jaye Davidson, Richard Kind, Sayed Badreya, Kit West","0111282","2164","Action,Adventure,Sci-Fi"
"317","Santa Clause, The (1994)","1994-11-11","John Pasquin","Tim Allen, Eric Lloyd, Judge Reinhold, Wendy Crewson, David Krumholtz, Larry Brandenburg, Peter Boyle","0111070","11395","Comedy,Drama,Fantasy"
"318","Shawshank Redemption, The (1994)","1994-09-23","Frank Darabont","Tim Robbins, Morgan Freeman, Bob Gunton, William Sadler, Clancy Brown, Gil Bellows, James Whitmore","0111161","278","Crime,Drama"
"319","Shallow Grave (1994)","1995-02-10","Danny Boyle","Christopher Eccleston, Ewan McGregor, Ken Stott, Kerry Fox","0111149","9905","Comedy,Drama,Thriller"
"320","Suture (1993)","1994-03-18","Scott McGehee, David Siegel","Dennis Haysbert, Sab Shimono, Mel Harris, Dina Merrill","0108260","87078","Film-Noir,Thriller"
"321","Strawberry and Chocolate (Fresa y chocolate) (1993)","1993-01-01","Tomas Gutiérrez Alea, Juan Carlos Tabio","Jorge Perugorria, Vladimir Cruz, Mirta Ibarra, Francisco Gattorno, Jorge Angelino","0106966","12527","Drama"
"322","Swimming with Sharks (1995)","1995-03-21","George Huang","Kevin Spacey, Frank Whaley, Michelle Forbes, Benicio Del Toro, T.E. Russell","0114594","20306","Comedy,Drama"
"324","Sum of Us, The (1994)","1995-03-08","Geoff Burton, Kevin Dowling","Russell Crowe, John Polson, Jack Thompson, Deborah Kennedy, Julie Herbert","0111309","36614","Comedy,Drama"
"325","National Lampoon's Senior Trip (1995)","1995-01-01","Kelly Makin","Matt Frewer, Valerie Mahaffey, Lawrence Dane, Tommy Chong, Jeremy Renner, Eric Edwards, Kevin McDonald, Tara Strong, Nicole de Boer, Wayne Robson, George R. Robertson, DJ Qualls","0113936","27993","Comedy"
"326","To Live (Huozhe) (1994)","1994-12-01","Yimou Zhang","You Ge, Li Gong, Wu Jiang, Deng Fei, Tao Guo","0110081","31439","Drama"
"327","Tank Girl (1995)","1995-03-31","Rachel Talalay","Lori Petty, Naomi Watts, Don Harvey, Ice-T, Malcolm McDowell, Iggy Pop","0114614","9067","Action,Comedy,Sci-Fi"
"328","Tales from the Crypt Presents: Demon Knight (1995)","1995-01-13","Ernest R. Dickerson, Gilbert Adler","Billy Zane, William Sadler, Jada Pinkett Smith, CCH Pounder, Dick Miller, Thomas Haden Church, Gary Farmer, Charles Fleischer, Traci Bingham, John Larroquette","0114608","9059","Horror,Thriller"
"329","Star Trek: Generations (1994)","1994-11-17","David Carson","LeVar Burton, Jonathan Frakes, Brent Spiner, Patrick Stewart, Michael Dorn, Gates McFadden, Marina Sirtis, Malcolm McDowell, James Doohan, Walter Koenig, William Shatner","0111280","193","Adventure,Drama,Sci-Fi"
"330","Tales from the Hood (1995)","1995-01-01","Rusty Cundieff","De'aundre Bonds, Samuel Monroe Jr., Joe Torry, Clarence Williams III","0114609","25066","Action,Crime,Horror"
"331","Tom & Viv (1994)","1994-01-01","Brian Gilbert","Willem Dafoe, Tim Dutton, Rosemary Harris, Miranda Richardson","0111454","46797","Drama"
"332","Village of the Damned (1995)","1995-04-28","John Carpenter","Michael Paré, Christopher Reeve, Kirstie Alley, Linda Kozlowski","0114852","12122","Horror,Sci-Fi"
"333","Tommy Boy (1995)","1995-01-01","Peter Segal","Brian Dennehy, Chris Farley, David Spade, Bo Derek","0114694","11381","Comedy"
"334","Vanya on 42nd Street (1994)","1994-10-19","Louis Malle","George Gaynes, Jerry Mayer, Phoebe Brand, Lynn Cohen, Wallace Shawn, Julianne Moore, Andre Gregory","0111590","32636","Drama"
"335","Underneath (1995)","1995-05-28","Steven Soderbergh","Elisabeth Shue, Peter Gallagher, Alison Elliott, William Fichtner, Joe Don Baker, Shelley Duvall","0114788","36141","Mystery,Thriller"
"336","Walking Dead, The (1995)","1995-02-24","Preston A. Whitmore II","Allen Payne, Eddie Griffin, Joe Morton, Vonte Sweet, Bernie Mac","0114888","95963","Drama,War"
"337","What's Eating Gilbert Grape (1993)","1993-01-01","Lasse Hallström","Johnny Depp, Leonardo DiCaprio, Juliette Lewis, Mary Steenburgen, Darlene Cates","0108550","1587","Drama"
"338","Virtuosity (1995)","1995-08-04","Brett Leonard","Russell Crowe, Stephen Spinella, Denzel Washington, Kelly Lynch, William Forsythe, Louise Fletcher, William Fichtner, Costas Mandylor,","0114857","9271","Action,Sci-Fi,Thriller"
"339","While You Were Sleeping (1995)","1995-04-21","Jon Turteltaub","Sandra Bullock, Bill Pullman, Peter Gallagher, Peter Boyle, Jack Warden, Jason Bernard","0114924","2064","Comedy,Romance"
"340","War, The (1994)","1994-11-04","Jon Avnet","Kevin Costner, Elijah Wood, Lexi Randall, Mare Winningham","0111667","19855","Adventure,Drama,War"
"341","Double Happiness (1994)","1996-03-01","Mina Shum","Stephen Chang, Donald Fong, Sandra Oh, Alannah Ong","0109655","60855","Drama"
"342","Muriel's Wedding (1994)","1995-03-10","P.J. Hogan","Bill Hunter, Toni Collette, Rachel Griffiths, Sophie Lee","0110598","236","Comedy"
"343","Baby-Sitters Club, The (1995)","1995-01-01","Melanie Mayron","Bre Blair, Rachael Leigh Cook, Schuyler Fisk, Larisa Oleynik","0112435","48287","Children"
"344","Ace Ventura: Pet Detective (1994)","1994-02-04","Tom Shadyac","Jim Carrey, Courteney Cox, Sean Young, Tone Loc","0109040","3049","Comedy"
"345","Adventures of Priscilla, Queen of the Desert, The (1994)","1994-08-10","Stephan Elliott","Bill Hunter, Guy Pearce, Terence Stamp, Hugo Weaving","0109045","2759","Comedy,Drama"
"346","Backbeat (1993)","1993-01-01","Iain Softley","Stephen Dorff, Ian Hart, John White, Marcelle Duprey","0106339","12635","Drama,Musical"
"347","Bitter Moon (1992)","1994-03-11","Roman Polanski","Peter Coyote, Hugh Grant, Kristin Scott Thomas, Emmanuelle Seigner","0104779","10497","Drama,Film-Noir,Romance"
"348","Bullets Over Broadway (1994)","1994-10-21","Woody Allen","Victor Colicchio, John Cusack, Tony Sirico, Jack Warden, Dianne Wiest, Chazz Palminteri, Jennifer Tilly","0109348","11382","Comedy"
"349","Clear and Present Danger (1994)","1994-08-03","Phillip Noyce","Harrison Ford, Willem Dafoe, Anne Archer, Joaquim de Almeida, Henry Czerny, Harris Yulin, Donald Moffat, Miguel Sandoval, Benjamin Bratt, Raymond Cruz, Dean Jones, Thora Birch, Ann Magnuson, Hope Lange, Belita Moreno, James Earl Jones, Jaime Gomez, Greg Germann, Ellen Geer, Ted Raimi, Vondie Curtis-Hall, John Lafayette, Rex Linn, Ken Howard, Clark Gregg, Patrick Bauchau, Tom Bower","0109444","9331","Action,Crime,Drama,Thriller"
"350","Client, The (1994)","1994-07-20","Joel Schumacher","Susan Sarandon, Tommy Lee Jones, Mary-Louise Parker, Anthony LaPaglia, J.T. Walsh, Anthony Edwards, Brad Renfro, Will Patton, Bradley Whitford, Anthony Heald, Kim Coates, Kimberly Scott, William H. Macy, Ossie Davis, William Sanderson, Dan Castellaneta, John Diehl","0109446","10731","Drama,Mystery,Thriller"
"351","Corrina, Corrina (1994)","1994-08-12","Jessie Nelson","Ray Liotta, Whoopi Goldberg, Tina Majorino, Wendy Crewson, Larry Miller, Lucy Webb","0109484","10464","Comedy,Drama,Romance"
"352","Crooklyn (1994)","1994-01-01","Spike Lee","David Patrick Kelly, Delroy Lindo, Zelda Harris, Alfre Woodard","0109504","34152","Comedy,Drama"
"353","Crow, The (1994)","1994-05-11","Alex Proyas","Ernie Hudson, David Patrick Kelly, Brandon Lee, Michael Wincott, Ling Bai","0109506","9495","Action,Crime,Fantasy,Thriller"
"354","Cobb (1994)","1994-01-01","Ron Shelton","Ned Bellamy, Tommy Lee Jones, Robert Wuhl, Lolita Davidovich","0109450","29973","Drama"
"355","Flintstones, The (1994)","1994-01-01","Brian Levant","John Goodman, Rick Moranis, Rosie O'Donnell, Elizabeth Perkins","0109813","888","Children,Comedy,Fantasy"
"356","Forrest Gump (1994)","1994-07-06","Robert Zemeckis","Tom Hanks, Gary Sinise, Mykelti Williamson, Robin Wright Penn, Sally Field","0109830","13","Comedy,Drama,Romance,War"
"357","Four Weddings and a Funeral (1994)","1994-01-01","Mike Newell","Hugh Grant, John Hannah, Kristin Scott Thomas, Andie MacDowell, Rowan Atkinson, James Fleet, Simon Callow, Charlotte Coleman","0109831","712","Comedy,Romance"
"358","Higher Learning (1995)","1995-01-01","John Singleton","Omar Epps, Kristy Swanson, Michael Rapaport, Jennifer Connelly, Ice Cube, Jason Wiles, Tyra Banks, Cole Hauser, Laurence Fishburne, Regina King, Busta Rhymes, Trevor St. John, Adam Goldberg, Bridgette Wilson, Kari Wuhrer, Randall Batinkoff, Morris Chestnut, Gwyneth Paltrow","0113305","16295","Drama"
"359","I Like It Like That (1994)","1994-01-01","Darnell Martin","Tomas Melly, Jon Seda, Desiree Casado, Lauren Vélez","0110091","48992","Comedy,Drama,Romance"
"360","I Love Trouble (1994)","1994-06-29","Charles Shyer","Nick Nolte, James Rebhorn, Saul Rubinek, Julia Roberts","0110093","10879","Action,Comedy"
"361","It Could Happen to You (1994)","1994-07-29","Andrew Bergman","Nicolas Cage, Bridget Fonda, Rosie Perez, Wendell Pierce, Isaac Hayes, Seymour Cassel, Stanley Tucci, Red Buttons, Richard Jenkins, Vincent Pastore, Emily Deschanel, Peter Jacobson","0110167","10660","Comedy,Drama,Romance"
"362","Jungle Book, The (1994)","1994-12-23","Stephen Sommers","Cary Elwes, Jason Scott Lee, Sam Neill, Lena Headey","0110213","10714","Adventure,Children,Romance"
"363","Wonderful, Horrible Life of Leni Riefenstahl, The (Macht der Bilder: Leni Riefenstahl, Die) (1993)","1994-06-01","Ray Müller","Leni Riefenstahl, Marlene Dietrich, Walter Frentz, Adolf Hitler, Josef Goebbels, Rudolf Hess","0107472","41647","Documentary"
"364","Lion King, The (1994)","1994-06-24","Roger Allers, Rob Minkoff","Matthew Broderick, James Earl Jones, Rowan Atkinson, Jonathan Taylor Thomas, Niketa Calame, Moira Kelly, Ernie Sabella, Nathan Lane, Whoopi Goldberg, Cheech Marin, Jim Cummings","0110357","8587","Adventure,Animation,Children,Drama,Musical,IMAX"
"365","Little Buddha (1993)","1993-01-01","Bernardo Bertolucci","Chris Isaak, Keanu Reeves, Ruocheng Ying, Bridget Fonda, Alex Wiesendanger","0107426","1689","Drama"
"366","Wes Craven's New Nightmare (Nightmare on Elm Street Part 7: Freddy's Finale, A) (1994)","1994-10-14","Wes Craven","Heather Langenkamp, Robert Englund, Miko Hughes, Wes Craven, John Saxon","0111686","11596","Drama,Horror,Mystery,Thriller"
"367","Mask, The (1994)","1994-07-29","Chuck Russell","Jim Carrey, Peter Greene, Peter Riegert, Amy Yasbeck, Cameron Diaz","0110475","854","Action,Comedy,Crime,Fantasy"
"368","Maverick (1994)","1994-05-20","Richard Donner","James Garner, Mel Gibson, Graham Greene, Jodie Foster, James Coburn, Alfred Molina, Dan Hedaya","0110478","9359","Adventure,Comedy,Western"
"369","Mrs. Parker and the Vicious Circle (1994)","1994-11-23","Alan Rudolph","Jennifer Jason Leigh, Campbell Scott, Matthew Broderick, Peter Gallagher, Jennifer Beals, Andrew McCarthy, Wallace Shawn, Martha Plimpton, Sam Robards, Lili Taylor, James LeGros, Gwyneth Paltrow, Nick Cassavetes, David Thornton, Heather Graham, Tom McGowan, Jane Adams, Stephen Baldwin, Matt Malloy, Stanley Tucci, Keith Carradine, Jon Favreau, Malcolm Gets, Mark Camacho, Cyndi Lauper","0110588","23333","Drama"
"370","Naked Gun 33 1/3: The Final Insult (1994)","1994-01-01","Peter Segal","Leslie Nielsen, George Kennedy, O.J. Simpson, Priscilla Presley, Fred Ward, Kathleen Freeman, Anna Nicole Smith, Earl Boen","0110622","36593","Action,Comedy"
"371","Paper, The (1994)","1994-03-18","Ron Howard","Robert Duvall, Michael Keaton, Glenn Close, Marisa Tomei, Randy Quaid","0110771","12280","Comedy,Drama"
"372","Reality Bites (1994)","1994-01-01","Ben Stiller","Winona Ryder, Ethan Hawke, Janeane Garofalo, Steve Zahn, Ben Stiller, Swoosie Kurtz, Joe Don Baker, Renée Zellweger, John Mahoney, John Walsh, Andy Dick, Keith David, Pat Crawford Brown, Karen Duffy, Anthony Robbins, David Spade, Jeanne Tripplehorn","0110950","2788","Comedy,Drama,Romance"
"373","Red Rock West (1992)","1992-01-01","John Dahl","Robert Apel, Nicolas Cage, Vance Johnson, Craig Reay, Lara Flynn Boyle, Dennis Hopper","0105226","10427","Thriller"
"374","Richie Rich (1994)","1994-01-01","Donald Petrie","Macaulay Culkin, John Larroquette, Edward Herrmann, Christine Ebersole, Jonathan Hyde, Michael McShane, Chelcie Ross, Reggie Jackson, Claudia Schiffer, Ben Stein, Rory Culkin","0110989","11011","Children,Comedy"
"375","Safe Passage (1994)","1994-12-01","Robert Allan Ackerman","Sam Shepard, Nick Stahl, Marcia Gay Harden, Susan Sarandon, Robert Sean Leonard, Sean Astin","0111054","49803","Drama"
"376","River Wild, The (1994)","1994-01-01","Curtis Hanson","Meryl Streep, Kevin Bacon, David Strathairn, Joseph Mazzello, John C. Reilly, Benjamin Bratt, Stephanie Sawyer, Diane Delano","0110997","8987","Action,Thriller"
"377","Speed (1994)","1994-06-10","Jan de Bont","Dennis Hopper, Joe Morton, Keanu Reeves, Sandra Bullock","0111257","1637","Action,Romance,Thriller"
"378","Speechless (1994)","1994-01-01","Ron Underwood","Michael Keaton, Christopher Reeve, Bonnie Bedelia, Geena Davis","0111256","15128","Comedy,Romance"
"379","Timecop (1994)","1994-09-16","Peter Hyams","Bruce McGill, Ron Silver, Jean-Claude Van Damme, Mia Sara, Gloria Reuben, Scott Bellis","0111438","8831","Action,Sci-Fi,Thriller"
"380","True Lies (1994)","1994-07-15","James Cameron","Arnold Schwarzenegger, Jamie Lee Curtis, Tom Arnold, Bill Paxton, Tia Carrere, Art Malik, Eliza Dushku, Grant Heslov, Charlton Heston, Marshall Manesh, James Allen, ","0111503","36955","Action,Adventure,Comedy,Romance,Thriller"
"381","When a Man Loves a Woman (1994)","1994-05-13","Luis Mandoki","Andy Garcia, Ellen Burstyn, Tina Majorino, Meg Ryan, Philip Seymour Hoffman","0111693","10449","Drama,Romance"
"382","Wolf (1994)","1994-01-01","Mike Nichols","Jack Nicholson, Michelle Pfeiffer, James Spader, Kate Nelligan, Richard Jenkins, Christopher Plummer, David Hyde Pierce, Om Puri, Ron Rifkin, Allison Janney, William Hill, David Schwimmer","0111742","10395","Drama,Horror,Romance,Thriller"
"383","Wyatt Earp (1994)","1994-01-01","Lawrence Kasdan","Kevin Costner, Dennis Quaid, Gene Hackman, David Andrews, Linden Ashby, Jeff Fahey, Joanna Going, Mark Harmon, Michael Madsen, Catherine O'Hara, Bill Pullman, Isabella Rossellini, Tom Sizemore, JoBeth Williams, Mare Winningham, James Gammon, Rex Linn, Adam Baldwin, Annabeth Gish, Lewis Smith, Betty Buckley, Alison Elliott, Mackenzie Astin, James Caviezel, Karen Grassle, John Dennis Johnston, Téa Leoni, Jack Kehler, Brett Cullen","0111756","12160","Western"
"384","Bad Company (1995)","1995-01-20","Damian Harris","Ellen Barkin, Laurence Fishburne, Frank Langella, Michael Beach, Gia Carides, David Ogden Stiers, Spalding Gray","0112443","40480","Action,Crime,Drama"
"385","Man of No Importance, A (1994)","1994-01-01","Suri Krishnamma","Albert Finney, Michael Gambon, Tara Fitzgerald, Brenda Fricker","0110455","52038","Drama"
"386","S.F.W. (1994)","1994-01-01","Jefery Levy","Jake Busey, Stephen Dorff, Joey Lauren Adams, Reese Witherspoon","0111048","29444","Drama"
"387","Low Down Dirty Shame, A (1994)","1994-01-01","Keenen Ivory Wayans","Charles Dutton, Keenen Ivory Wayans, Jada Pinkett Smith, Salli Richardson","0110399","26352","Action,Comedy"
"388","Boys Life (1995)","1995-01-01","Robert Lee King, Raoul O'Connell, Brian Sloan","James Andrews, Mary Beth Aylesworth, Wendy Brokaw, Bojesse Christopher, Dennis Christopher, Raoul O'Connell","0112570","39953","Drama"
"389","Colonel Chabert, Le (1994)","1994-01-01","Yves Angelo","Gérard Depardieu, André Dussollier, Fabrice Luchini, Fanny Ardant","0109454","41580","Drama,Romance,War"
"390","Faster Pussycat! Kill! Kill! (1965)","1965-08-06","Russ Meyer","Tura Satana, Haji, Lori Williams, Sue Bernard, Stuart Lancaster","0059170","315","Action,Crime,Drama"
"391","Jason's Lyric (1994)","1994-09-28","Doug McHenry","Anthony 'Treach' Criss, Allen Payne, Bokeem Woodbine, Jada Pinkett Smith","0110186","22067","Crime,Drama"
"392","Secret Adventures of Tom Thumb, The (1993)","1994-04-13","Dave Borthwick","Frank Passingham, John Schofield, Nick Upton, Deborah Collar","0108069","18242","Adventure,Animation"
"393","Street Fighter (1994)","1994-12-23","Steven E. de Souza","Raul Julia, Jean-Claude Van Damme, Ming-Na, Kylie Minogue, Simon Callow","0111301","11667","Action,Adventure,Fantasy"
"394","Coldblooded (1995)","1995-09-15","Wallace Wolodarsky","Jason Priestley, Peter Riegert, Kimberly Williams, Robert Loggia,","0112702","32502","Comedy"
"395","Desert Winds (1995)","1995-01-01","Michael A. Nickles","Adam Ant, Heather Graham, Jessica Hamilton, Jack Kehler, Michael A. Nickles","0112849","267188","Drama,Fantasy,Romance"
"396","Fall Time (1995)","1995-01-01","Paul Warner","Stephen Baldwin, Jason London, Mickey Rourke, Sheryl Lee","0113014","28732","Drama"
"397","Fear, The (1995)","1995-01-01","Vincent Robert","Eddie Bowz, Vince Edwards, Heather Medway, Ann Turkel","0113043","75555","Horror"
"398","Frank and Ollie (1995)","1996-05-03","Theodore Thomas","John Canemaker, Oliver M. Johnston Jr., Frank Thomas, Sylvia Roemer","0113104","42981","Documentary"
"400","Homage (1995)","1996-05-03","Ross Kagan Marks","Blythe Danner, Frank Whaley, Sheryl Lee, Danny Nucci, Bruce Davison","0113319","291731","Drama"
"401","Mirage (1995)","1995-01-01","Paul Williams","James Andronica, Bobalu, Edward James Olmos, Cuanhtemoc Rivas","0113827","226229","Action,Thriller"
"402","Open Season (1996)","1996-05-10","Robert Wuhl","Lloyd Adams, Eric Bryson, Rick Forsayeth, Robert Wuhl, Marcy King","0114047","203119","Comedy"
"403","Two Crimes (Dos crímenes) (1995)","1995-01-01","Roberto Sneider","Damián Alcázar, José Carlos Ruiz, Pedro Armendáriz Jr., Dolores Heredia","0112889","172923","Comedy,Crime,Drama"
"404","Brother Minister: The Assassination of Malcolm X (1994)","1995-01-11","Jefri Aalmuhammed, Jack Baxter","Roscoe Lee Browne","0109339","316098","Documentary"
"405","Highlander III: The Sorcerer (a.k.a. Highlander: The Final Dimension) (1994)","1994-01-27","Andrew Morahan","Christopher Lambert, Mako, Mario Van Peebles, Deborah Unger","0110027","8011","Action,Fantasy"
"406","Federal Hill (1994)","1994-01-01","Michael Corrente","Jason Andrews, Michael Corrente, Anthony DeSandro, Armen Garo","0109785","171857","Drama"
"407","In the Mouth of Madness (1995)","1995-01-01","John Carpenter","Charlton Heston, Sam Neill, Jürgen Prochnow, Julie Carmen","0113409","2654","Horror,Thriller"
"408","8 Seconds (1994)","1994-01-01","John G. Avildsen","Cameron Finley, Dustin Mayfield, James Rebhorn, Carrie Snodgress","0109021","18069","Drama"
"409","Above the Rim (1994)","1994-03-23","Jeff Pollack","David Bailey, Leon, Duane Martin, Tupac Shakur","0109035","19092","Crime,Drama"
"410","Addams Family Values (1993)","1993-11-19","Barry Sonnenfeld","Raul Julia, Christopher Lloyd, Joan Cusack, Anjelica Huston, Christina Ricci, Carol Kane, David Krumholtz, Dana Ivey, Peter MacNicol, Christine Baranski","0106220","2758","Children,Comedy,Fantasy"
"411","Martin Lawrence: You So Crazy (1994)","1994-04-27","Thomas Schlamme","Martin Lawrence","0111804","38129","Comedy,Documentary"
