"movieId","title","releaseDate","directedBy","starring","imdbId","tmdbId","genres"
"1","Toy Story (1995)","1995-11-19","John Lasseter","Tim Allen, Tom Hanks, Don Rickles, Jim Varney, John Ratzenberger, Wallace Shawn, Laurie Metcalf, John Morris, R. Lee Ermey, Annie Potts","0114709","862","Adventure,Animation,Children,Comedy,Fantasy"
"2","Jumanji (1995)","1995-12-15","Joe Johnston","Jonathan Hyde, Bradley Pierce, Robin Williams, Kirsten Dunst","0113497","8844","Adventure,Children,Fantasy"
"3","Grumpier Old Men (1995)","1995-01-01","Howard Deutch","Jack Lemmon, Walter Matthau, Ann-Margret , Sophia Loren","0113228","15602","Comedy,Romance"
"4","Waiting to Exhale (1995)","1996-01-15","Forest Whitaker","Angela Bassett, Loretta Devine, Whitney Houston, Lela Rochon","0114885","31357","Comedy,Drama,Romance"
"5","Father of the Bride Part II (1995)","1995-12-08","Charles Shyer","Steve Martin, Martin Short, Diane Keaton, Kimberly Williams, George Newbern, Kieran Culkin","0113041","11862","Comedy"
"6","Heat (1995)","1995-01-01","Michael Mann","Robert De Niro, Al Pacino, Val Kilmer, Jon Voight, Tom Sizemore, Ashley Judd, Diane Venora, Natalie Portman","0113277","949","Action,Crime,Thriller"
"7","Sabrina (1995)","1995-01-01","Sydney Pollack","Harrison Ford, Greg Kinnear, Nancy Marchand, Julia Ormond","0114319","11860","Comedy,Romance"
"8","Tom and Huck (1995)","1995-12-22","Peter Hewitt","Jonathan Taylor Thomas, Brad Renfro, Eric Schweig, Charles Rocket, Amy Wright, Michael McShane, Marian Seldes, Rachael Leigh Cook, Peter Mackenzie, Andy Stahl, Adrian Roberts, David Cowgill, Ike Eisenmann, Tamara Mello, Courtney Peldon","0112302","45325","Adventure,Children"
"9","Sudden Death (1995)","1995-12-22","Peter Hyams","Raymond J. Barry, Powers Boothe, Jean-Claude Van Damme, Whittni Wright","0114576","9091","Action"
"10","GoldenEye (1995)","1995-11-17","Martin Campbell","Pierce Brosnan, Sean Bean, Famke Janssen, Izabella Scorupco, Joe Don Baker, Judi Dench, Robbie Coltrane, Alan Cumming, Tchéky Karyo, Desmond Llewelyn, Samantha Bond","0113189","710","Action,Adventure,Thriller"
"11","American President, The (1995)","1995-11-08","Rob Reiner","Michael Douglas, Michael J. Fox, Martin Sheen, Annette Bening, Richard Dreyfuss","0112346","9087","Comedy,Drama,Romance"
"12","Dracula: Dead and Loving It (1995)","1995-01-01","Mel Brooks","Peter MacNicol, Leslie Nielsen, Steven Weber, Amy Yasbeck","0112896","12110","Comedy,Horror"
"13","Balto (1995)","1995-12-22","Simon Wells","Kevin Bacon, Jim Cummings, Bob Hoskins, Bridget Fonda","0112453","21032","Adventure,Animation,Children"
"14","Nixon (1995)","1995-12-20","Oliver Stone","Anthony Hopkins, Joan Allen, Powers Boothe, Ed Harris, Bob Hoskins, E.G. Marshall, David Paymer, David Hyde Pierce, Paul Sorvino, Mary Steenburgen, J.T. Walsh, James Woods, Brian Bedford, Kevin Dunn, Fyvush Finkel, Annabeth Gish, Tom Bower, Tony Goldwyn, Larry Hagman, Edward Herrmann, Madeline Kahn, Dan Hedaya, Tony Lo Bianco, Saul Rubinek, Robert Beltran, John Cunningham, John Diehl, John C. McGinley, Michael Chiklis, David Barry Gray, Enrique Castillo, Victor Rivers, Bridgette Wilson, Ric Young, O'Neal Compton, Marley Shelton, James Karen, Richard Fancy, Ling Bai, John Stockwell, Tony Plana","0113987","10858","Drama"
"15","Cutthroat Island (1995)","1995-01-01","Renny Harlin","Maury Chaykin, Frank Langella, Matthew Modine, Geena Davis","0112760","1408","Action,Adventure,Romance"
"16","Casino (1995)","1995-11-14","Martin Scorsese","Robert De Niro, Joe Pesci, James Woods, Sharon Stone","0112641","524","Crime,Drama"
"17","Sense and Sensibility (1995)","1995-12-13","Ang Lee","Hugh Grant, Alan Rickman, Emma Thompson, Kate Winslet","0114388","4584","Drama,Romance"
"18","Four Rooms (1995)","1995-12-25","Allison Anders, Alexandre Rockwell, Robert Rodriguez, Quentin Tarantino","Sammi Davis, Amanda De Cadenet, Valeria Golino, Madonna, Ione Skye, Lili Taylor, Alicia Witt, Jennifer Beals, David Proval, Antonio Banderas, Lana McKissack, Salma Hayek, Quentin Tarantino, Kathy Griffin, Marisa Tomei, Tim Roth, Bruce Willis","0113101","5","Comedy"
"19","Ace Ventura: When Nature Calls (1995)","1995-01-01","Steve Oedekerk","Simon Callow, Jim Carrey, Maynard Eziashi, Ian McNeice, Bob Gunton","0112281","9273","Comedy"
"20","Money Train (1995)","1995-11-22","Joseph Ruben","Wesley Snipes, Woody Harrelson, Jennifer Lopez, Robert Blake, Chris Cooper, Joe Grifasi, Skipp Sudduth, Aida Turturro, Vincent Pastore, Dean Norris, José Zúñiga, Bill Nunn, Larry Gilliard Jr., Flex Alexander","0113845","11517","Action,Comedy,Crime,Drama,Thriller"
"21","Get Shorty (1995)","1995-10-20","Barry Sonnenfeld","John Travolta, Gene Hackman, Rene Russo, Danny DeVito, Dennis Farina, Delroy Lindo, James Gandolfini","0113161","8012","Comedy,Crime,Thriller"
"22","Copycat (1995)","1995-10-27","Jon Amiel","William McNamara, Dermot Mulroney, Holly Hunter, Sigourney Weaver, Harry Connick Jr.","0112722","1710","Crime,Drama,Horror,Mystery,Thriller"
"23","Assassins (1995)","1995-10-06","Richard Donner","Sylvester Stallone, Antonio Banderas, Julianne Moore, Anatoli Davydov","0112401","9691","Action,Crime,Thriller"
"24","Powder (1995)","1995-01-01","Victor Salva","Sean Patrick Flanery, Jeff Goldblum, Lance Henriksen, Mary Steenburgen","0114168","12665","Drama,Sci-Fi"
"25","Leaving Las Vegas (1995)","1995-10-27","Mike Figgis","Nicolas Cage, Elisabeth Shue, Richard Lewis, Julian Sands","0113627","451","Drama,Romance"
"26","Othello (1995)","1995-12-18","Oliver Parker","Kenneth Branagh, Laurence Fishburne, Nathaniel Parker, Irène Jacob","0114057","16420","Drama"
"27","Now and Then (1995)","1995-10-20","Lesli Linka Glatter","Christina Ricci, Rosie O'Donnell, Thora Birch, Melanie Griffith, Gaby Hoffmann, Demi Moore, Rita Wilson, Devon Sawa, Cloris Leachman, Lolita Davidovich, Janeane Garofalo, Hank Azaria, Bonnie Hunt, Rumer Willis, Brendan Fraser","0114011","9263","Children,Drama"
"28","Persuasion (1995)","1995-09-27","Roger Michell","Amanda Root, Ciarán Hinds, Susan Fleetwood, Corin Redgrave, Fiona Shaw","0114117","17015","Drama,Romance"
"29","City of Lost Children, The (Cité des enfants perdus, La) (1995)","1995-12-15","Marc Caro, Jean-Pierre Jeunet","Ron Perlman, Daniel Emilfork, Judith Vittet, Dominique Pinon, Jean-Claude Dreyfus","0112682","902","Adventure,Drama,Fantasy,Mystery,Sci-Fi"
"30","Shanghai Triad (Yao a yao yao dao waipo qiao) (1995)","1995-01-01","Yimou Zhang","Li Gong, Baotian Li, Wang Xiaoxiao, Xuejian Li","0115012","37557","Crime,Drama"
"31","Dangerous Minds (1995)","1995-01-01","John N. Smith","Michelle Pfeiffer, George Dzundza, Courtney B. Vance, Robin Bartlett, Beatrice Winde, John Neville, Lorraine Toussaint, Renoly Santiago, Wade Dominguez, Bruklin Harris, Marcello Thedford, Paula Garcés, Ivan Sergei, Camille Winbush, ","0112792","9909","Drama"
"32","Twelve Monkeys (a.k.a. 12 Monkeys) (1995)","1995-12-29","Terry Gilliam","Bruce Willis, Jon Seda, Simon Jones, Madeleine Stowe, Brad Pitt, Frederick Strother, Frank Gorshin, Aaron Michael Lacey, David Morse, Lisa Gay Hamilton, Matt Ross, Christopher Plummer, Christopher Meloni","0114746","63","Mystery,Sci-Fi,Thriller"
"33","Wings of Courage (1995)","1995-01-01","Jean-Jacques Annaud","Tom Hulce, Val Kilmer, Craig Sheffer, Elizabeth McGovern","0114952","78802","Adventure,Romance,IMAX"
"34","Babe (1995)","1995-08-04","Chris Noonan","Danny Mann, Hugo Weaving, Christine Cavanaugh, Miriam Margolyes, James Cromwell, Magda Szubanski","0112431","9598","Children,Drama"
"35","Carrington (1995)","1995-01-01","Christopher Hampton","Jonathan Pryce, Steven Waddington, Samuel West, Emma Thompson","0112637","47018","Drama,Romance"
"36","Dead Man Walking (1995)","1995-12-29","Tim Robbins","Susan Sarandon, Sean Penn, Robert Prosky, Raymond J. Barry, R. Lee Ermey, Celia Weston, Peter Sarsgaard, Jack Black, Eva Amurri, ","0112818","687","Crime,Drama"
"37","Across the Sea of Time (1995)","1995-01-01","Stephen Low","Avi Hoffman, John McDonough, Peter Reznick, Victor Steinbach","0112286","139405","Documentary,IMAX"
"38","It Takes Two (1995)","1995-11-17","Andy Tennant","Steve Guttenberg, Kirstie Alley, Ashley Olsen, Mary-Kate Olsen, Jane Sibbet","0113442","33689","Children,Comedy"
"39","Clueless (1995)","1995-07-19","Amy Heckerling","Alicia Silverstone, Paul Rudd, Stacey Dash, Brittany Murphy, Donald Faison, Elisa Donovan, Breckin Meyer","0112697","9603","Comedy,Romance"
"40","Cry, the Beloved Country (1995)","1995-01-01","Darrell Roodt","Richard Harris, James Earl Jones, Tsholofelo Wechoemang, Dolly Rathebe","0112749","34615","Drama"
"41","Richard III (1995)","1995-12-29","Richard Loncraine","Ian McKellen, Annette Bening, Jim Broadbent, Robert Downey Jr., Nigel Hawthorne","0114279","31174","Drama,War"
"42","Dead Presidents (1995)","1995-09-29","Albert Hughes, Allen Hughes","Larenz Tate, Keith David, Chris Tucker, Freddy Rodríguez, Rose Jackson, N'Bushe Wright, Jenifer Lewis, Clifton Powell, Terrence Howard, Sticky Fingaz, Bokeem Woodbine, David Barry Gray, Michael Imperioli, Clifton Collins Jr., Tony Sirico, Seymour Cassel, Martin Sheen, Isaiah Washington","0112819","11443","Action,Crime,Drama"
"43","Restoration (1995)","1995-12-29","Michael Hoffman","Robert Downey Jr., Sam Neill, David Thewlis, Polly Walker, Meg Ryan, Ian McKellen, Hugh Grant, Ian McDiarmid, Roger Ashton-Griffiths","0114272","35196","Drama"
"44","Mortal Kombat (1995)","1995-01-01","Paul W.S. Anderson","Linden Ashby, Christopher Lambert, Robin Shou, Talisa Soto, Cary-Hiroyuki Tagawa, Bridgette Wilson, Trevor Goddard","0113855","9312","Action,Adventure,Fantasy"
"45","To Die For (1995)","1995-09-27","Gus Van Sant","Nicole Kidman, Matt Dillon, Joaquin Phoenix, Casey Affleck, Illeana Douglas, Wayne Knight, Kurtwood Smith","0114681","577","Comedy,Drama,Thriller"
"46","How to Make an American Quilt (1995)","1995-10-06","Jocelyn Moorhouse","Anne Bancroft, Ellen Burstyn, Kate Nelligan, Winona Ryder","0113347","11861","Drama,Romance"
"47","Seven (a.k.a. Se7en) (1995)","1995-09-22","David Fincher","Brad Pitt, Morgan Freeman, Gwyneth Paltrow, John C. McGinley, Kevin Spacey","0114369","807","Mystery,Thriller"
"48","Pocahontas (1995)","1995-06-15","Mike Gabriel, Eric Goldberg","Mel Gibson, Irene Bedard, Linda Hunt, Judy Kuhn, Christian Bale","0114148","10530","Animation,Children,Drama,Musical,Romance"
"49","When Night Is Falling (1995)","1995-11-17","Patricia Rozema","Henry Czerny, David Fox, Pascale Bussières, Rachael Crawford","0114916","8391","Drama,Romance"
"50","Usual Suspects, The (1995)","1995-08-16","Bryan Singer","Stephen Baldwin, Gabriel Byrne, Benicio Del Toro, Kevin Pollak, Kevin Spacey, Chazz Palminteri, Pete Postlethwaite, Giancarlo Esposito, Suzy Amis, Dan Hedaya, Paul Bartel, Clark Gregg, Louis Lombardi, Vito D'Ambrosio, Peter Greene","0114814","629","Crime,Mystery,Thriller"
"51","Guardian Angel (1994)","1994-11-22","Richard W. Munchkin","Daniel McVicar, Marshall R. Teague, Lydie Denier, Cynthia Rothrock","0109950","117164","Action,Drama,Thriller"
"52","Mighty Aphrodite (1995)","1995-10-30","Woody Allen","Woody Allen, Mira Sorvino, F. Murray Abraham, Helena Bonham Carter, Olympia Dukakis, Michael Rapaport, David Ogden Stiers, Peter Weller, Jack Warden","0113819","11448","Comedy,Drama,Romance"
"53","Lamerica (1994)","1994-01-01","Gianni Amelio","Carmelo Di Mazzarelli, Enrico Lo Verso, Piro Milkani, Michele Placido","0110299","49133","Adventure,Drama"
"54","Big Green, The (1995)","1995-01-01","Holly Goldberg Sloan","Steve Guttenberg, Jay O. Sanders, John Terry, Olivia d'Abo","0112499","26441","Children,Comedy"
"55","Georgia (1995)","1995-01-01","Ulu Grosbard","Ted Levine, Max Perlich, Jennifer Jason Leigh, Mare Winningham","0113158","97406","Drama"
"56","Kids of the Round Table (1995)","1995-12-15","Robert Tinnell","Justin Borntraeger,Michael Ironside,Malcolm McDowell,Roc LaFortune,Johnny Morina,Christopher Olscamp","0113541","124057","Adventure,Children,Comedy,Fantasy"
"57","Home for the Holidays (1995)","1995-01-01","Jodie Foster","Robert Downey Jr., Claire Danes, Charles Durning, Anne Bancroft, Holly Hunter","0113321","9089","Drama"
"58","Postman, The (Postino, Il) (1994)","1994-08-31","Michael Radford","Philippe Noiret, Massimo Troisi, Maria Grazia Cucinotta, Renato Scarpa, Linda Moretti","0110877","11010","Comedy,Drama,Romance"
"59","Confessional, The (Confessionnal, Le) (1995)","1996-08-16","Robert Lepage","Lothaire Bluteau, Patrick Goyette, Jean-Louis Millette, Kristin Scott Thomas, Ron Burrage, Richard Fréchette","0112714","99040","Drama,Mystery"
"60","Indian in the Cupboard, The (1995)","1995-07-14","Frank Oz","Hal Scardino, Litefoot, Lindsay Crouse, Richard Jenkins, Steve Coogan, David Keith, Vincent Kartheiser, Nestor Serrano, Michael Papajohn","0113419","11359","Adventure,Children,Fantasy"
"61","Eye for an Eye (1996)","1996-01-01","John Schlesinger","Ed Harris, Olivia Burnette, Sally Field, Alexandra Kyle","0116260","17182","Drama,Thriller"
"62","Mr. Holland's Opus (1995)","1996-01-29","Stephen Herek","Richard Dreyfuss, Jay Thomas, Olympia Dukakis, Glenne Headly","0113862","2054","Drama"
"63","Don't Be a Menace to South Central While Drinking Your Juice in the Hood (1996)","1996-01-12","Paris Barclay","Marlon Wayans, Shawn Wayans, Tracey Cherelle Jones, Vivian Smallwood","0116126","10607","Comedy,Crime"
"64","Two if by Sea (1996)","1996-01-12","Bill Bennett","Stephen Dillane, Yaphet Kotto, Denis Leary, Sandra Bullock","0118002","19760","Comedy,Romance"
"65","Bio-Dome (1996)","1996-01-12","Jason Bloom","William Atherton, Denise Dowse, Dara Tomanovich, Kevin West, Kylie Minogue, Pauly Shore, Stephen Baldwin, Joey Lauren Adams, Rose McGowan, Jack Black, Kyle Gass, Phil LaMarr, ","0115683","9536","Comedy"
"66","Lawnmower Man 2: Beyond Cyberspace (1996)","1996-01-01","Farhad Mann","Patrick Bergin, Matt Frewer, Austin O'Brien, Ely Pouget","0116839","11525","Action,Sci-Fi,Thriller"
"67","Two Bits (1995)","1995-01-01","James Foley","Jerry Barone, Patrick Borriello, Al Pacino, Mary Elizabeth Mastrantonio","0114753","40628","Drama"
"68","French Twist (Gazon maudit) (1995)","1996-01-19","Josiane Balasko","Victoria Abril, Josiane Balasko, Alain Chabat, Ticky Holgado, Catherine Hiegel, Catherine Samie","0113149","4482","Comedy,Romance"
"69","Friday (1995)","1995-04-26","F. Gary Gray","Ice Cube, Tom 'Tiny' Lister Jr., Chris Tucker, Nia Long, Sandra Bernhard","0113118","10634","Comedy"
"70","From Dusk Till Dawn (1996)","1996-01-19","Robert Rodriguez","George Clooney, Quentin Tarantino, Harvey Keitel, Juliette Lewis, Ernest Liu, Salma Hayek, Cheech Marin, Danny Trejo, Tom Savini, Fred Williamson, John Saxon, Kelly Preston, John Hawkes, Mike Moroff, Tia Texada","0116367","755","Action,Comedy,Horror,Thriller"
"71","Fair Game (1995)","1995-01-01","Andrew Sipes","William Baldwin, Steven Berkoff, Christopher McDonald, Cindy Crawford","0113010","11859","Action"
"72","Kicking and Screaming (1995)","1995-10-06","Noah Baumbach","Jonathan Baumbach, Sam Gould, Josh Hamilton, Catherine Kellner","0113537","28387","Comedy,Drama"
"73","Misérables, Les (1995)","1995-10-20","Claude Lelouch","Jean-Paul Belmondo, Michel Boujenah, Alessandra Martines, Salomé Lelouch","0113828","48750","Drama,War"
"74","Bed of Roses (1996)","1996-01-01","Michael Goldenberg","Josh Brolin, Christian Slater, Mary Stuart Masterson, Pamela Segall","0115644","20927","Drama,Romance"
"75","Big Bully (1996)","1996-01-26","Steve Miner","Tom Arnold, Rick Moranis, Carol Kane, Julianne Phillips","0115676","36929","Comedy,Drama"
"76","Screamers (1995)","1996-01-26","Christian Duguay","Roy Dupuis, Andrew Lauer, Peter Weller, Jennifer Rubin","0114367","9102","Action,Sci-Fi,Thriller"
"77","Nico Icon (1995)","1995-11-16","Susanne Ofteringer","Nico, Christian Aaron Boulogne, Tina Aumont, Edith Boulogne","0113973","124626","Documentary"
"78","Crossing Guard, The (1995)","1995-11-16","Sean Penn","David Morse, Jack Nicholson, Anjelica Huston, Robin Wright Penn","0112744","27526","Action,Crime,Drama,Thriller"
"79","Juror, The (1996)","1996-02-02","Brian Gibson","Alec Baldwin, Joseph Gordon-Levitt, Anne Heche, Demi Moore","0116731","9623","Drama,Thriller"
"80","White Balloon, The (Badkonake sefid) (1995)","1996-01-24","Jafar Panahi","Aida Mohammadkhani, Mohsen Kafili, Fereshteh Sadr Orfani, Anna Borkowska, Mohammad Shahani","0112445","46785","Children,Drama"
"81","Things to Do in Denver When You're Dead (1995)","1995-12-01","Gary Fleder","Andy Garcia, Christopher Lloyd, William Forsythe, Steve Buscemi, Christopher Walken","0114660","400","Crime,Drama,Romance"
"82","Antonia's Line (Antonia) (1995)","1996-02-02","Marleen Gorris","Willeke van Ammelrooy, Els Dottermans, Dora van der Groen, Veerle van Overloop, Jan Decleir, Victor Löw","0112379","880","Comedy,Drama"
"83","Once Upon a Time... When We Were Colored (1995)","1996-01-26","Tim Reid","Al Freeman Jr., Phylicia Rashad, Paula Kelly, Leon, Salli Richardson-Whitfield, Anna Maria Horsford, Isaac Hayes","0114039","146599","Drama,Romance"
"84","Last Summer in the Hamptons (1995)","1995-01-01","Henry Jaglom","Jon Robin Baitz, Victoria Foyt, Melissa Leo, Viveca Lindfors","0113612","188588","Comedy,Drama"
"85","Angels and Insects (1995)","1996-01-26","Philip Haas","Mark Rylance, Kristin Scott Thomas, Patsy Kensit, Jeremy Kemp, Douglas Henshall","0112365","8447","Drama,Romance"
"86","White Squall (1996)","1996-02-02","Ridley Scott","Jeff Bridges, Caroline Goodall, John Savage, Scott Wolf, Jeremy Sisto, Ryan Phillippe, David Lascher, Eric Michael Cole, Jason Marsden, Julio Oscar Mechoso, Zeljko Ivanek, Balthazar Getty, Ethan Embry, James Rebhorn","0118158","10534","Action,Adventure,Drama"
"87","Dunston Checks In (1996)","1996-01-01","Ken Kwapis","Jason Alexander, Rupert Everett, Eric Lloyd, Faye Dunaway","0116151","17414","Children,Comedy"
"88","Black Sheep (1996)","1996-02-02","Penelope Spheeris","Chris Farley, David Spade, Tim Matheson, Christine Ebersole, Gary Busey, Grant Heslov, Timothy Carhart, Bruce McGill, Michael Patrick Carter, Boyd Banks, David St. James, Chris Owen, Kevin P. Farley, John Farley, Julie Benz","0115697","13997","Comedy"
"89","Nick of Time (1995)","1995-01-01","John Badham","Johnny Depp, Charles Dutton, Christopher Walken, Courtney Chase","0113972","2086","Action,Thriller"
"90","The Journey of August King (1995)","1995-09-14","John Duigan","Jason Patric,Thandie Newton,Sam Waterston,Larry Drake,Eric Mabius,Muse Watson,John Doman,Andy Stahl,Dale Dickey,Lee Norris,Mark Joy,Maya Angelou","0113490","61548","Drama"
"92","Mary Reilly (1996)","1996-02-23","Stephen Frears","Julia Roberts, John Malkovich, George Cole, Michael Gambon, Kathy Staff, Glenn Close, Michael Sheen, Bronagh Gallagher, Ciarán Hinds","0117002","9095","Drama,Horror,Thriller"
"93","Vampire in Brooklyn (1995)","1995-10-27","Wes Craven","Kadeem Hardison, Eddie Murphy, Allen Payne, Angela Bassett","0114825","12158","Comedy,Horror,Romance"
"94","Beautiful Girls (1996)","1996-02-09","Ted Demme","Timothy Hutton, Matt Dillon, Noah Emmerich, Annabeth Gish, Lauren Holly, Natalie Portman","0115639","9283","Comedy,Drama,Romance"
"95","Broken Arrow (1996)","1996-02-09","John Woo","John Travolta, Christian Slater, Samantha Mathis, Delroy Lindo, Bob Gunton, Frank Whaley, Vondie Curtis-Hall, Jack Thompson, Vyto Ruginis, Shaun Toub, Kurtwood Smith, Daniel von Bargen, Carmen Argenziano, James MacDonald, French Stewart, Chris Mulkey, Raymond Cruz","0115759","9208","Action,Adventure,Thriller"
"96","In the Bleak Midwinter (1995)","1996-02-23","Kenneth Branagh","Richard Briers, Nicholas Farrell, Hetta Charnley, Joan Collins","0113403","40154","Comedy,Drama"
"97","Hate (Haine, La) (1995)","1996-02-09","Mathieu Kassovitz","Vincent Cassel, Hubert Koundé, Saïd Taghmaoui, Abdel Ahmed Ghili","0113247","406","Crime,Drama"
"98","Shopping (1994)","1996-02-09","Paul W.S. Anderson","Sadie Frost, Jude Law, Sean Pertwee, Sean Bean, Fraser James","0111173","45549","Action,Thriller"
"99","Heidi Fleiss: Hollywood Madam (1995)","1996-02-09","Nick Broomfield","Nick Broomfield","0113283","63076","Documentary"
"100","City Hall (1996)","1996-02-16","Harold Becker","Al Pacino, John Cusack, Bridget Fonda, Danny Aiello, Martin Landau, David Paymer, Anthony Franciosa, Richard Schiff, Lindsay Duncan, Nestor Serrano, Lauren Vélez","0115907","11062","Drama,Thriller"
"101","Bottle Rocket (1996)","1996-02-21","Wes Anderson","Ned Dowd, Luke Wilson, Owen Wilson, Shea Fowler, James Caan","0115734","13685","Adventure,Comedy,Crime,Romance"
