"735","Cemetery Man (Dellamorte Dellamore) (1994)","1996-04-26","Michele Soavi","Rupert Everett, François Hadji-Lazaro, Anna Falchi, Mickey Knox, Fabiana Formica","0109592","21588","Horror"
"736","Twister (1996)","1996-05-10","Jan de Bont","Helen Hunt, Bill Paxton, Cary Elwes, Jami Gertz, Philip Seymour Hoffman, Lois Smith, Alan Ruck","0117998","664","Action,Adventure,Romance,Thriller"
"737","Barb Wire (1996)","1996-05-03","David Hogan","Temuera Morrison, Jack Noseworthy, Pamela Anderson, Victoria Rowell","0115624","11867","Action,Sci-Fi"
"738","Garçu, Le (1995)","1996-05-03","Maurice Pialat","Gérard Depardieu, Géraldine Pailhas, Antoine Pialat, Dominique Rocheteau, Fabienne Babe, Elisabeth Depardieu","0113145","47119","Drama"
"741","Ghost in the Shell (Kôkaku kidôtai) (1995)","1996-03-29","Mamoru Oshii","Atsuko Tanaka, Akio Ôtsuka, Tamio Ôki, Iemasa Kayumi, Kôichi Yamadera","0113568","9323","Animation,Sci-Fi"
"742","Thinner (1996)","1996-10-25","Tom Holland","Robert John Burke, Michael Constantine, Joe Mantegna, Lucinda Jenney","0117894","10280","Horror,Thriller"
"743","Spy Hard (1996)","1996-05-24","Rick Friedberg","Leslie Nielsen, Nicolette Sheridan, Charles Durning, Marcia Gay Harden, Barry Bostwick, Andy Griffith, Elya Baskin, Joyce Brothers, Ray Charles, Hulk Hogan, Roger Clinton, Robert Culp, Fabio, Robert Guillaume, Pat Morita, Alexandra Paul, Mr. T, Alex Trebek, Taylor Negron, Curtis Armstrong, Michael Berryman, Downtown Julie Brown, Brad Grunberg, Eddie Deezen, Brad Garrett, Brian Howe, Clyde Kusatsu, Tone Loc, Talisa Soto, 'Weird Al' Yankovic","0117723","10535","Comedy"
"745","Wallace & Gromit: A Close Shave (1995)","1996-04-10","Nick Park","Peter Sallis, Anne Reid","0112691","532","Animation,Children,Comedy"
"746","Force of Evil (1948)","1948-04-22","Abraham Polonsky","Howland Chamberlain, John Garfield, Thomas Gomez, Marie Windsor","0040366","26744","Film-Noir"
"747","Stupids, The (1996)","1996-08-30","John Landis","Tom Arnold, Bug Hall, Jessica Lundy, Alex McKenna","0117768","16299","Comedy"
"748","Arrival, The (1996)","1996-05-31","David Twohy","Richard Schiff, Shane, Charlie Sheen, Lindsay Crouse, Ron Silver, Teri Polo","0115571","10547","Action,Sci-Fi,Thriller"
"749","Man from Down Under, The (1943)","1943-01-01","Robert Z. Leonard","Richard Carlson, Charles Laughton, Binnie Barnes, Donna Reed","0031612","245268","Drama"
"750","Dr. Strangelove or: How I Learned to Stop Worrying and Love the Bomb (1964)","1964-01-29","Stanley Kubrick","Peter Sellers, George C. Scott, Sterling Hayden, Slim Pickens, Keenan Wynn","0057012","935","Comedy,War"
"751","Careful (1992)","1992-01-01","Guy Maddin","Paul Cox, Kyle McCulloch, Gosia Dobrowolska, Sarah Neville","0103926","55613","Comedy,Horror"
"753","Month by the Lake, A (1995)","1995-01-01","John Irvin","Edward Fox, Vanessa Redgrave, Uma Thurman, Alida Valli","0113849","41007","Comedy,Drama,Romance"
"754","Gold Diggers: The Secret of Bear Mountain (1995)","1995-01-01","Kevin James Dobson","Brian Kerwin, Anna Chlumsky, Polly Draper, Christina Ricci","0113188","35645","Adventure,Children"
"755","Kim (1950)","1950-01-01","Victor Saville","Robert Douglas, Errol Flynn, Paul Lukas, Dean Stockwell","0042644","110465","Children,Drama"
"756","Carmen Miranda: Bananas Is My Business (1994)","1994-01-01","Helena Solberg","","0109381","255546","Documentary"
"757","Ashes of Time (Dung che sai duk) (1994)","1994-09-16","Wong Kar-wai","Brigitte Lin, Leslie Cheung, Maggie Cheung, Tony Leung Chiu Wai, Jacky Cheung","0109688","40751","Drama"
"758","Jar, The (Khomreh) (1992)","1995-09-27","Ebrahim Forouzesh","Behzad Khodaveisi, Fatemeh Azrah, Abbas Khavaninzadeh","0104606","275096","Drama"
"759","Maya Lin: A Strong Clear Vision (1994)","1994-01-01","Freida Lee Mock","Maya Lin","0110480","85778","Documentary"
"760","Stalingrad (1993)","1993-01-21","Joseph Vilsmaier","Thomas Kretschmann, Jochen Nickel, Martin Benrath, Dominique Horwitz, Sebastian Rudolph, Dana Vávrová","0108211","11101","Drama,War"
"761","Phantom, The (1996)","1996-06-07","Simon Wincer","Treat Williams, Billy Zane, Kristy Swanson, Catherine Zeta-Jones, Cary-Hiroyuki Tagawa, James Remar","0117331","9826","Action,Adventure"
"762","Striptease (1996)","1996-06-28","Andrew Bergman","Armand Assante, Burt Reynolds, Ving Rhames, Demi Moore","0117765","9879","Comedy,Crime"
"763","Last of the High Kings, The (a.k.a. Summer Fling) (1996)","1996-08-16","David Keating","Catherine O'Hara, Jared Leto, Christina Ricci, Gabriel Byrne","0116833","63564","Comedy,Drama"
"764","Heavy (1995)","1996-06-05","James Mangold","Pruitt Taylor Vince, Debbie Harry, Liv Tyler, Shelley Winters","0113280","22621","Drama,Romance"
"765","Jack (1996)","1996-08-07","Francis Ford Coppola","Brian Kerwin, Robin Williams, Diane Lane, Jennifer Lopez","0116669","7095","Comedy,Drama"
"766","I Shot Andy Warhol (1996)","1996-05-01","Mary Harron","Lothaire Bluteau, Jared Harris, Martha Plimpton, Lili Taylor","0116594","26890","Drama"
"767","Grass Harp, The (1995)","1996-10-11","Charles Matthau","Piper Laurie, Sissy Spacek, Walter Matthau, Edward Furlong, Jack Lemmon","0113211","46732","Comedy,Drama"
"768","Someone Else's America (1995)","1996-05-10","Goran Paskaljevic","Tom Conti, Miki Manojlovic, María Casares, Zorka Manojlovic","0114494","124633","Drama"
"769","Marlene Dietrich: Shadow and Light (1996)","1996-04-02","Chris Hunt","Steven Bach, David Riva, Molly Haskell, Maria Riva","0116992","NA","Documentary"
"770","Costa Brava (1946)","1946-04-26","Julio de Fleischner","Arturo Cámara, Silvia Morgan, Juan Muñiz, Alfonso Muñoz, Julia Pachelo","0038426","NA","Drama"
"771","Life Is Rosy (a.k.a. Life Is Beautiful) (Vie est belle, La) (1987)","1987-11-18","Benoît Lamy, Mweze Ngangura","Papa Wemba, Bibi Krubwa, Landu Nzunzimbu Matshia, Kanko Kasongo","0094265","202425","Comedy,Drama"
"772","Quartier Mozart (1992)","1992-01-01","Jean-Pierre Bekolo","Pauline Andela, Jimmy Biyona, Essindi Mindja, Sandrine Ola'a","0105201","196940","Comedy"
"773","Touki Bouki (1973)","1973-01-01","Djibril Diop Mambéty","Christoph Colomb, Ousseynou Diop, Aminata Fall","0070820","77771","Drama"
"774","Wend Kuuni (a.k.a. God's Gift) (1982)","1982-01-01","Gaston Kaboré","Serge Yanogo, Rosine Yanogo, Joseph Nikiema, Colette Kaboré","0084898","181083","Drama"
"775","Spirits of the Dead (1968)","1969-07-29","Federico Fellini, Louis Malle, Roger Vadim","Brigitte Bardot,Alain Delon,Jane Fonda,Terence Stamp,Peter Fonda,James Robertson Justice,Salvo Randone,Françoise Prévost,Peter Fonda,Vincent Price","0063715","41225","Horror,Mystery"
"777","Pharaoh's Army (1995)","1995-01-01","Robby Henson","Chris Cooper, Robert Joy, Kris Kristofferson, Patricia Clarkson","0114122","87190","War"
"778","Trainspotting (1996)","1996-07-19","Danny Boyle","Ewan McGregor, Jonny Lee Miller, Ewen Bremner, Kevin McKidd, Robert Carlyle, Kelly Macdonald, Peter Mullan","0117951","627","Comedy,Crime,Drama"
"779","'Til There Was You (1997)","1997-05-30","Scott Winant","John Plumpis, Janel Moloney, Yvonne Zima, Christine Ebersole, Karen Allen, Kale Browne, Michael Tucker, Jim Jansen, Amanda Fuller, Madeline Zima, Jeanne Tripplehorn, Dylan McDermott, Susan Walters, Jennifer Aniston, Kasi Lemmons, Patrick Malahide, Nina Foch, Sarah Jessica Parker, Richard Fancy, Ian Gomez, John Hawkes, Craig Bierko, Annabelle Gurwitch","0118523","32872","Drama,Romance"
"780","Independence Day (a.k.a. ID4) (1996)","1996-07-03","Roland Emmerich","Will Smith, Bill Pullman, Jeff Goldblum, Mary McDonnell, Randy Quaid","0116629","602","Action,Adventure,Sci-Fi,Thriller"
"781","Stealing Beauty (1996)","1996-06-14","Bernardo Bertolucci","Joseph Fiennes, Jeremy Irons, Sinéad Cusack, Liv Tyler, Rachel Weisz","0117737","14553","Drama"
"782","Fan, The (1996)","1996-08-16","Tony Scott","Robert De Niro, Wesley Snipes, Ellen Barkin, John Leguizamo, Benicio Del Toro, M.C. Gainey, Aaron Neville, Jack Black, ","0116277","9566","Drama,Thriller"
"783","Hunchback of Notre Dame, The (1996)","1996-06-21","Gary Trousdale","Tom Hulce, Tony Jay, Kevin Kline, Demi Moore","0116583","10545","Animation,Children,Drama,Musical,Romance"
"784","Cable Guy, The (1996)","1996-06-14","Ben Stiller","Jim Carrey, Matthew Broderick, Leslie Mann, Jack Black, George Segal, Diane Baker, Ben Stiller, Eric Roberts, Janeane Garofalo, Andy Dick, David Cross, Owen Wilson, Tommy Hinkley, Joel Murray, Kathy Griffin, Aki Aleong, Sean Whalen, Christopher Michael, Emilio Rivera, Bob Odenkirk, Annabelle Gurwitch, Blake Boyd, Christine Devine, Mark Thompson, Kyle Gass, David Bowe, Alex D. Linz","0115798","9894","Comedy,Thriller"
"785","Kingpin (1996)","1996-07-26","Bobby Farrelly, Peter Farrelly","Woody Harrelson,Bill Murray,Randy Quaid,Vanessa Angel,Chris Elliott,Richard Tyson,Lin Shaye,Zen Gesner,Rob Moran,Daniel Greene,Sayed Badreya,David Shackelford,Googy Gress,Willie Garson","0116778","11543","Comedy"
"786","Eraser (1996)","1996-06-21","Chuck Russell","James Caan, James Coburn, Arnold Schwarzenegger, Vanessa L. Williams","0116213","9268","Action,Drama,Thriller"
"787","Gate of Heavenly Peace, The (1995)","1996-05-10","Richard Gordon","","0113147","52059","Documentary"
"788","Nutty Professor, The (1996)","1996-06-28","Tom Shadyac","James Coburn, Larry Miller, Eddie Murphy, Jada Pinkett Smith","0117218","9327","Comedy,Fantasy,Romance,Sci-Fi"
"789","I, the Worst of All (Yo, la peor de todas) (1990)","1995-11-24","María Luisa Bemberg","Assumpta Serna, Dominique Sanda, Héctor Alterio, Lautaro Murúa, Graciela Araujo, Alberto Segado","0100990","123763","Drama"
"790","Unforgettable Summer, An (Un été inoubliable) (1994)","1994-11-11","Lucian Pintilie","Kristin Scott Thomas, Claudiu Bleont, Olga Tudorache, George Constantin, Ion Pavlescu","0111546","81949","Drama"
"792","Hungarian Fairy Tale, A (Hol volt, hol nem volt) (1987)","1988-12-28","Gyula Gazdag","Dávid Vermes, Pál Hetényi, Frantisek Husák, Mária Varga, Eszter Csákányi","0093199","42005","Fantasy"
"793","My Life and Times With Antonin Artaud (En compagnie d'Antonin Artaud) (1993)","1995-11-01","Gérard Mordillat","Sami Frey, Marc Barbé, Julie Jézéquel, Valérie Jeannet, Clotilde de Bayser","0106810","124306","Drama"
"794","Midnight Dancers (Sibak) (1994)","1995-09-28","Mel Chionglo","Ryan Aristorenas, Perla Bautista, Noni Buencamino, Richard Cassity","0111180","183955","Comedy,Drama"
"795","Somebody to Love (1994)","1994-09-15","Alexandre Rockwell","Rosie Perez, Harvey Keitel, Anthony Quinn, Michael DeLorenzo, Steve Buscemi, Stanley Tucci, Gerardo Mejía, Samuel Fuller, Sam Rockwell, Quentin Tarantino, Yul Vazquez, Victor Argo","0111237","44535","Drama"
"796","Very Natural Thing, A (1974)","1974-06-26","Christopher Larkin","Curt Gareth, Robert Joel, Anthony McKay, Bo White","0072362","44495","Drama"
"798","Daylight (1996)","1996-12-06","Rob Cohen","Dan Hedaya, Viggo Mortensen, Sylvester Stallone, Amy Brenneman","0116040","11228","Action,Adventure,Drama,Thriller"
"799","Frighteners, The (1996)","1996-07-19","Peter Jackson","John Astin, Peter Dobson, Michael J. Fox, Trini Alvarado, Jeffrey Combs","0116365","10779","Comedy,Horror,Thriller"
"800","Lone Star (1996)","1996-06-21","John Sayles","Chris Cooper, Stephen J. Lang, Stephen Mendillo, Elizabeth Peña, Matthew McConaughey,","0116905","26748","Drama,Mystery,Western"
"801","Harriet the Spy (1996)","1996-07-03","Bronwen Hughes","Gregory Smith, Vanessa Lee Chester, Rosie O'Donnell, Michelle Trachtenberg","0116493","38223","Children,Comedy"
"802","Phenomenon (1996)","1996-06-03","Jon Turteltaub","Robert Duvall, John Travolta, Forest Whitaker, Kyra Sedgwick","0117333","9294","Drama,Romance"
"803","Walking and Talking (1996)","1996-07-12","Nicole Holofcener","Catherine Keener, Anne Heche, Randall Batinkoff, Vincent Pastore, Liev Schreiber, Todd Field, Kevin Corrigan, Joseph Siravo, Allison Janney","0118113","49963","Comedy,Drama,Romance"
"804","She's the One (1996)","1996-08-23","Edward Burns","Edward Burns, Mike McGlone, Jennifer Aniston, Maxine Bahns","0117628","11363","Comedy,Romance"
"805","Time to Kill, A (1996)","1996-07-24","Joel Schumacher","Matthew McConaughey, Sandra Bullock, Samuel L. Jackson, Kevin Spacey, Oliver Platt, Charles S. Dutton, Brenda Fricker, Donald Sutherland, Kiefer Sutherland, Patrick McGoohan, Ashley Judd, John Diehl, Chris Cooper, Nicky Katt, Doug Hutchison, Kurtwood Smith, Beth Grant, Anthony Heald, Mike Pniewski, Octavia Spencer, M. Emmet Walsh","0117913","1645","Drama,Thriller"
"806","American Buffalo (1996)","1996-09-13","Michael Corrente","Dennis Franz, Dustin Hoffman, Sean Nelson","0115530","31546","Crime,Drama"
"807","Rendezvous in Paris (Rendez-vous de Paris, Les) (1995)","1996-06-28","Eric Rohmer","Clara Bellar, Antoine Basler, Mathias Megard, Malcolm Conrath, Cecile Pares","0114266","77056","Comedy,Romance"
"808","Alaska (1996)","1996-08-14","Fraser Clarke Heston","Thora Birch,Vincent Kartheiser,Dirk Benedict,Charlton Heston,Duncan Fraser,Gordon Tootoosis,Don S. Davis,Kristin Lehman","0115493","36344","Adventure,Children"
"809","Fled (1996)","1996-07-19","Kevin Hooks","Stephen Baldwin, Robert John Burke, Laurence Fishburne, Will Patton","0116320","18550","Action,Adventure"
"810","Kazaam (1996)","1996-07-17","Paul Michael Glaser","James Acheson, Francis Capra, Shaquille O'Neal, Ally Walker","0116756","11511","Children,Comedy,Fantasy"
"812","Magic Hunter (Büvös vadász) (1994)","1996-06-21","Ildikó Enyedi","Gary Kemp, Sadie Frost, Aleksandr Kajdanovsky, Péter Vallai, Mathias Gnädinger","0109356","172198","Drama"
"813","Larger Than Life (1996)","1996-11-01","Howard Franklin","Jerry Adler, Richie Allan, Richard Alan Baker, Bill Murray","0116823","34170","Comedy"
"816","Two Deaths (1995)","1996-08-09","Nicolas Roeg","Ion Caramitru, Patrick Malahide, Sonia Braga, Sevilla Delofski","0117999","124645","Drama"
"818","Very Brady Sequel, A (1996)","1996-08-23","Arlene Sanford","Shelley Long, Gary Cole, Tim Matheson, Christine Taylor, Jennifer Elise Cox, Olivia Hack, Steven Gilborn, RuPaul, Bodhi Elfman, Richard Belzer, Connie Ray, Zsa Zsa Gabor, Barbara Eden, Rosie O'Donnell, David Spade","0118073","12606","Comedy"
"819","Stefano Quantestorie (1993)","1993-01-01","Maurizio Nichetti","Caterina Sylos Labini, Maurizio Nichetti, Elena Sofia Ricci, Amanda Sandrelli","0108220","69895","Comedy,Drama"
"820","Death in the Garden (Mort en ce jardin, La) (1956)","1956-09-21","Luis Buñuel","Simone Signoret, Charles Vanel, Georges Marchal, Michel Piccoli, Tito Junco, Raúl Ramírez","0049521","35206","Drama"
"822","Hedd Wyn (1992)","1996-01-12","Paul Turner","Huw Garmon, Ceri Cunnington, Catrin Fychan, Llio Silyn","0104403","151489","Drama,Romance,War"
"823","Collector, The (La collectionneuse) (1967)","1967-01-01","Eric Rohmer","Patrick Bauchau, Alain Jouffroy, Daniel Pommereulle, Haydée Politoff","0061495","4837","Drama"
"824","Kaspar Hauser (1993)","1996-06-07","Peter Sehr","Jeremy Clyde, André Eisermann, Udo Samel, Katharina Thalbach","0110246","12632","Drama,Mystery"
"825","Regular Guys (Echte Kerle) (1996)","1996-05-30","Rolf Silber","Tim Bergmann, Christoph M. Ohrt, Oliver Stokowski, Carin C. Tietze","0116164","9098","Comedy,Romance"
"827","Convent, The (O Convento) (1995)","1996-06-14","Manoel de Oliveira","Catherine Deneuve, John Malkovich, Luís Miguel Cintra, Leonor Silveira, Duarte de Almeida, Heloísa Miranda","0112716","124614","Drama"
"828","Adventures of Pinocchio, The (1996)","1996-07-26","Steve Barron","Udo Kier, Martin Landau, Jonathan Taylor Thomas, Geneviève Bujold","0115472","18975","Adventure,Children"
"829","Joe's Apartment (1996)","1996-07-26","John Payson","Jerry O'Connell, Megan Ward, Billy West, Reginald Hudlin, Sandra 'Pepa' Denton, Robert Vaughn, Don Ho, Shiek Mahmud-Bey, Vincent Pastore, Moby, Dave Chappelle, Godfrey, Tim Blake Nelson, B.D. Wong","0116707","11962","Comedy,Fantasy,Musical"
"830","First Wives Club, The (1996)","1996-09-20","Hugh Wilson","Goldie Hawn, Diane Keaton, Bette Midler, Maggie Smith, Dan Hedaya, Sarah Jessica Parker, Stockard Channing, Victor Garber, Elizabeth Berkley, Marcia Gay Harden","0116313","2925","Comedy"
"831","Stonewall (1995)","1996-07-26","Nigel Finch","Duane Boutte, Brendan Corbalis, Guillermo Díaz, Fred Weller","0114550","28628","Drama"
"832","Ransom (1996)","1996-11-08","Ron Howard","Mel Gibson, Brawley Nolte, Gary Sinise, Rene Russo, Delroy Lindo, Lili Taylor, Liev Schreiber, Donnie Wahlberg","0117438","3595","Crime,Thriller"
"833","High School High (1996)","1996-10-25","Hart Bochner","Jon Lovitz, Mekhi Phifer, Tia Carrere, Louise Fletcher","0116531","9308","Comedy"
"834","Phat Beach (1996)","1996-08-02","Doug Ellin","Coolio , Brian Hooks, Jermaine 'Huggy' Hopkins, Tom 'Tiny' Lister Jr.","0117332","92381","Comedy"
"835","Foxfire (1996)","1996-08-23","Annette Haywood-Carter","Hedy Burress, Angelina Jolie, Jenny Lewis, Jenny Shimizu, Peter Facinelli, Elden Henson, Cathy Moriarty, John Diehl, Chris Mulkey, Ever Carradine, Joel Moore","0116353","18555","Drama"
"836","Chain Reaction (1996)","1996-07-31","Andrew Davis","Morgan Freeman, Keanu Reeves, Fred Ward, Rachel Weisz","0115857","12123","Action,Adventure,Thriller"
"837","Matilda (1996)","1996-08-02","Danny DeVito","Danny DeVito, Embeth Davidtz, Rhea Perlman, Mara Wilson, Pam Ferris","0117008","10830","Children,Comedy,Fantasy"
"838","Emma (1996)","1996-08-02","Douglas McGrath","Gwyneth Paltrow, Jeremy Northam, Toni Collette, Alan Cumming, Greta Scacchi","0116191","3573","Comedy,Drama,Romance"
"839","Crow: City of Angels, The (1996)","1996-08-30","Tim Pope","Richard Brooks, Vincent Perez, Iggy Pop, Mia Kirshner","0115986","10546","Action,Thriller"
"840","House Arrest (1996)","1996-08-02","Harry Winer","Kyle Howard, Russel Harper, Jamie Lee Curtis, Kevin Pollak, Amy Sakasitz, Mooky Arizona","0116571","18862","Children,Comedy"
"841","Eyes Without a Face (Yeux sans visage, Les) (1959)","1959-06-21","Georges Franju","Pierre Brasseur, Edith Scob, Alida Valli, François Guérin","0053459","31417","Horror"
"842","Tales from the Crypt Presents: Bordello of Blood (1996)","1996-08-16","Gilbert Adler","Dennis Miller, John Kassir, Erika Eleniak, Angie Everhart, Chris Sarandon, Corey Feldman, William Sadler","0117826","9431","Comedy,Horror"
"843","Lotto Land (1995)","1996-04-19","John Rubino","Larry Gilliard Jr., Wendell Holmes, Suzanne Costollos, Barbara Gonzalez","0113695","124619","Drama"
"844","Story of Xinghua, The (Xinghua san yue tian) (1994)","1994-01-01","Yin Li","Wenli Jiang, Xingli Niu, Shaojun Tian, Guoli Zhang","0108227","297645","Drama"
"845","Day the Sun Turned Cold, The (Tianguo niezi) (1994)","1995-04-01","Ho Yim","Gaowa Siqin, Chung Hua Tou, Jingwu Ma, Zhi Wei, Shu Zhong","0111424","48144","Drama"
"846","Flirt (1995)","1996-08-07","Hal Hartley","Bill Sage, Dwight Ewell, Miho Nikaido, Martin Donovan, Parker Posey, Geno Lechner, Peter Fitz","0113080","46986","Drama"
"848","Spitfire Grill, The (1996)","1996-09-06","Lee David Zlotoff","Will Patton, Ellen Burstyn, Alison Elliott, Marcia Gay Harden","0117718","47907","Drama"
"849","Escape from L.A. (1996)","1996-08-09","John Carpenter","Kurt Russell, Steve Buscemi, Georges Corraface, A.J. Langer, Stacy Keach, Michelle Forbes, Pam Grier, Peter Fonda, Valeria Golino","0116225","10061","Action,Adventure,Sci-Fi,Thriller"
