"1063","Johns (1996)","1996-10-18","Scott Silver","David Arquette, Tony Epper, Lukas Haas, John C. McGinley","0116714","56830","Drama"
"1064","Aladdin and the King of Thieves (1996)","0000-00-00","Tad Stones","John Rhys-Davies, Scott Weinger, Robin Williams, Linda Larkin","0115491","11238","Animation,Children,Comedy,Fantasy,Musical,Romance"
"1065","Five Angles on Murder (1950)","1952-02-18","Anthony Asquith","Dirk Bogarde,John McCallum,Jean Kent,Susan Shaw,Hermione Baddeley,Anthony Dawson","0043140","27256","Mystery"
"1066","Shall We Dance (1937)","1937-05-07","Mark Sandrich","Fred Astaire, Ginger Rogers, Edward Everett Horton, Eric Blore, Jerome Cowan","0029546","31530","Comedy,Musical,Romance"
"1067","Damsel in Distress, A (1937)","1937-01-01","George Stevens","Fred Astaire, George Burns, Gracie Allen, Joan Fontaine","0028757","66473","Comedy,Musical,Romance"
"1068","Crossfire (1947)","1947-07-22","Edward Dmytryk","Robert Mitchum, Robert Ryan, Robert Young, Gloria Grahame","0039286","28120","Crime,Film-Noir"
"1069","Murder, My Sweet (1944)","1944-01-01","Edward Dmytryk","Dick Powell, Claire Trevor, Otto Kruger, Anne Shirley","0037101","1834","Crime,Film-Noir,Thriller"
"1070","Macao (1952)","1952-04-30","Josef von Sternberg, Nicholas Ray","Robert Mitchum, Jane Russell, William Bendix, Thomas Gomez, Gloria Grahame, Brad Dexter","0044863","26282","Adventure"
"1071","For the Moment (1994)","1994-01-01","Aaron Kim Johnston","Russell Crowe, Scott Kraft, Wanda Cannon, Christianne Hirt","0109823","37218","Romance,War"
"1073","Willy Wonka & the Chocolate Factory (1971)","1971-06-30","Mel Stuart","Gene Wilder, Peter Ostrum, Jack Albertson, Julie Dawn Cole, Roy Kinnear, Denise Nickerson","0067992","252","Children,Comedy,Fantasy,Musical"
"1075","Sexual Life of the Belgians, The (Vie sexuelle des Belges 1950-1978, La) (1994)","1996-01-26","Jan Bucquoy","Jean-Henri Compère, Isabelle Legros, Sophie Schneider, Jacques Druaux, Pascale Binnert","0111622","116356","Comedy,Romance"
"1076","Innocents, The (1961)","1961-12-25","Jack Clayton","Michael Redgrave, Peter Wyngarde, Megs Jenkins, Deborah Kerr, Martin Stephens, Pamela Franklin","0055018","16372","Drama,Horror,Thriller"
"1077","Sleeper (1973)","1973-12-17","Woody Allen","Woody Allen, John Beck, Mary Gregory, Diane Keaton","0070707","11561","Comedy,Sci-Fi"
"1078","Bananas (1971)","1971-04-28","Woody Allen","Woody Allen, Carlos Montalbán, Natividad Abascal, Louise Lasser","0066808","11302","Comedy,War"
"1079","Fish Called Wanda, A (1988)","1988-01-01","John Cleese, Charles Crichton","John Cleese, Kevin Kline, Michael Palin, Jamie Lee Curtis","0095159","623","Comedy,Crime"
"1080","Monty Python's Life of Brian (1979)","1979-01-01","Terry Jones","Graham Chapman, John Cleese, Terry Gilliam, Eric Idle, Michael Palin","0079470","583","Comedy"
"1081","Victor/Victoria (1982)","1982-03-16","Blake Edwards","James Garner, Robert Preston, Julie Andrews, Lesley Ann Warren","0084865","12614","Comedy,Musical,Romance"
"1082","Candidate, The (1972)","1972-06-29","Michael Ritchie","Peter Boyle, Melvyn Douglas, Don Porter, Robert Redford","0068334","21711","Drama"
"1083","Great Race, The (1965)","1965-01-01","Blake Edwards","Jack Lemmon, Tony Curtis, Natalie Wood, Peter Falk, Keenan Wynn, Arthur O'Connell, Vivian Vance, Dorothy Provine, Larry Storch, Ross Martin, George Macready, Marvin Kaplan, Hal Smith, Denver Pyle","0059243","11575","Comedy,Musical"
"1084","Bonnie and Clyde (1967)","1967-08-13","Arthur Penn","Warren Beatty, Faye Dunaway, Michael J. Pollard, Gene Hackman, Estelle Parsons, Denver Pyle, Dub Taylor, Gene Wilder, Patrick Cranshaw","0061418","475","Crime,Drama"
"1085","Old Man and the Sea, The (1958)","1958-10-11","John Sturges, Henry King, Fred Zinnemann","Spencer Tracy, Felipe Pazos, Harry Bellaver, Don Diamond, Don Blackman","0052027","11331","Adventure,Drama"
"1086","Dial M for Murder (1954)","1954-05-29","Alfred Hitchcock","Robert Cummings, Ray Milland, John Williams, Grace Kelly","0046912","521","Crime,Mystery,Thriller"
"1087","Madame Butterfly (1995)","1996-09-20","Frédéric Mitterrand","Richard Cowan, Richard Troxell, Ying Huang, Ning Liang","0113731","21202","Musical"
"1088","Dirty Dancing (1987)","1987-08-17","Emile Ardolino","Jerry Orbach, Patrick Swayze, Jennifer Grey, Cynthia Rhodes","0092890","88","Drama,Musical,Romance"
"1089","Reservoir Dogs (1992)","1992-01-21","Quentin Tarantino","Harvey Keitel, Tim Roth, Michael Madsen, Chris Penn, Steve Buscemi, Lawrence Tierney, Edward Bunker, Quentin Tarantino, Randy Brooks, Kirk Baltz, Steven Wright","0105236","500","Crime,Mystery,Thriller"
"1090","Platoon (1986)","1986-01-01","Oliver Stone","Tom Berenger, Willem Dafoe, Charlie Sheen, Forest Whitaker","0091763","792","Drama,War"
"1091","Weekend at Bernie's (1989)","1989-07-05","Ted Kotcheff","Terry Kiser, Andrew McCarthy, Jonathan Silverman, Catherine Mary Stewart","0098627","8491","Comedy"
"1092","Basic Instinct (1992)","1992-01-01","Paul Verhoeven","Michael Douglas, Sharon Stone, George Dzundza, Jeanne Tripplehorn, Denis Arndt, Leilani Sarelle, Chelcie Ross, Dorothy Malone, Wayne Knight, Daniel von Bargen, Stephen Tobolowsky, Benjamin Mouton, Jack McGee, Bill Cable, Mitch Pileggi, Mary Pat Gleason, James Rebhorn, Peter Appel","0103772","402","Crime,Mystery,Thriller"
"1093","Doors, The (1991)","1991-01-01","Oliver Stone","Josh Evans, Val Kilmer, Michael Madsen, Michael Wincott, Kathleen Quinlan","0101761","10537","Drama"
"1094","Crying Game, The (1992)","1992-11-25","Neil Jordan","Stephen Rea, Forest Whitaker, Miranda Richardson, Adrian Dunbar, Jaye Davidson","0104036","11386","Drama,Romance,Thriller"
"1095","Glengarry Glen Ross (1992)","1992-09-29","James Foley","Al Pacino, Jack Lemmon, Alec Baldwin, Alan Arkin, Ed Harris, Kevin Spacey, Jonathan Pryce, Bruce Altman, Jude Ciccolella","0104348","9504","Drama"
"1096","Sophie's Choice (1982)","1982-12-08","Alan J. Pakula","Kevin Kline, Peter MacNicol, Rita Karin, Meryl Streep","0084707","15764","Drama"
"1097","E.T. the Extra-Terrestrial (1982)","1982-06-11","Steven Spielberg","Henry Thomas, Dee Wallace-Stone, Robert MacNaughton, Drew Barrymore, Peter Coyote","0083866","601","Children,Drama,Sci-Fi"
"1098","Search for One-eye Jimmy, The (1996)","1996-01-01","Sam Henry Kass","Michael Badalucco, Ray 'Boom Boom' Mancini, Holt McCallany, Nicholas Turturro","0117577","67365","Comedy"
"1099","Christmas Carol, A (1938)","1938-12-16","Edwin L. Marin","Terry Kilburn, Gene Lockhart, Reginald Owen, Kathleen Lockhart, Leo G. Carroll","0029992","25842","Children,Drama,Fantasy"
"1100","Days of Thunder (1990)","1990-06-27","Tony Scott","Tom Cruise, Robert Duvall, Randy Quaid, Nicole Kidman","0099371","2119","Action,Drama,Romance"
"1101","Top Gun (1986)","1986-01-01","Tony Scott","Tom Cruise, Kelly McGillis, Anthony Edwards, Val Kilmer, Tom Skerritt, Michael Ironside, John Stockwell, Tim Robbins, Meg Ryan","0092099","744","Action,Romance"
"1102","American Strays (1996)","1996-09-13","Michael Covert","Brion James, Scott Plank, John Savage, Melora Walters","0115531","136311","Action"
"1103","Rebel Without a Cause (1955)","1955-01-01","Nicholas Ray","Jim Backus, James Dean, Sal Mineo, Natalie Wood","0048545","221","Drama"
"1104","Streetcar Named Desire, A (1951)","1951-09-18","Elia Kazan","Marlon Brando, Karl Malden, Kim Hunter, Vivien Leigh","0044081","702","Drama"
"1105","Children of the Corn IV: The Gathering (1996)","1996-10-08","Greg Spence","Mark Salling, Karen Black, Jamie Renée Smith, Naomi Watts","0115885","25750","Horror"
"1106","Leopard Son, The (1996)","1996-09-27","Hugo Van Lawick","John Gielgud","0116859","17642","Documentary"
"1107","Loser (1991)","1996-09-27","Erik Burke","Brendan Kelly, John Salemmo, Bernice DeLeo, Nadine Miral","0102336","NA","Comedy"
"1109","Charm's Incidents (Charms Zwischenfälle) (1996)","1996-10-03","Michael Kreihsl","Johannes Silberschneider, Wolfgang Hübsch, Ela Piplits, Elzbieta Czyzewska, Ulrich Tukur, Roswitha Soukup","0115870","427043","Drama"
"1110","Bird of Prey (1996)","1996-10-04","Temístocles López","Richard Chamberlain, Boyan Milushev, Lenny von Dohlen, Jennifer Tilly","0115684","146341","Action"
"1111","Microcosmos (Microcosmos: Le peuple de l'herbe) (1996)","1996-10-09","Claude Nuridsany, Marie Pérennou","Jacques Perrin, Kristin Scott Thomas","0117040","9305","Documentary"
"1112","Palookaville (1996)","1996-10-25","Alan Taylor","William Forsythe, Vincent Gallo, Adam Trese, Frances McDormand","0117284","37616","Action,Comedy,Drama"
"1113","Associate, The (1996)","1996-10-19","Donald Petrie","Timothy Daly, Eli Wallach, Whoopi Goldberg, Dianne Wiest","0115580","11112","Comedy"
"1114","Funeral, The (1996)","1996-10-25","Abel Ferrara","Chris Penn, Christopher Walken, Isabella Rossellini, Annabella Sciorra, Vincent Gallo, Benicio Del Toro, Gretchen Mol","0116378","21612","Crime,Drama"
"1115","Sleepover (1995)","1996-10-25","John F. Sullivan","Michael Albanese, Shannon Barry, James Capria, Heather Casey","0114472","141210","Drama"
"1116","Single Girl, A (Fille seule, La) (1995)","1996-10-30","Benoit Jacquot","Virginie Ledoyen, Benoit Magimel, Dominique Valadie, Vera Briole","0113057","102461","Drama"
"1117","Eighth Day, The (Huitième jour, Le) (1996)","1996-11-01","Jaco van Dormael","Daniel Auteuil, Pascal Duquenne, Miou-Miou, Henri Garcin","0116581","36998","Drama"
"1119","Drunks (1995)","1997-03-14","Peter Cohn","Liam Ahern, Richard Lewis, George Martin, Liza Harris","0112907","116844","Drama"
"1120","People vs. Larry Flynt, The (1996)","1996-12-25","Milos Forman","Brett Harrelson, Woody Harrelson, Edward Norton, Courtney Love, Donna Hanover","0117318","1630","Comedy,Drama"
"1121","Glory Daze (1995)","1996-09-27","Rich Wilkes","Ben Affleck, Sam Rockwell, French Stewart, Megan Ward, Kristin Bauer van Straten, Alyssa Milano, John Rhys-Davies, Mary Woronov, Matthew McConaughey, Sean Whalen, Spalding Gray, Brendan Fraser, Leah Remini, Matt Damon","0116422","26626","Drama"
"1122","Plutonium Circus (1995)","1995-10-13","George Ratliff","","0114147","470646","Documentary"
"1123","Perfect Candidate, A (1996)","1996-09-27","R.J. Cutler, David Van Taylor","Don Baker, Mark Goodin, Mark Merritt, Oliver North, Chuck Robb","0117320","124837","Documentary"
"1124","On Golden Pond (1981)","1981-12-04","Mark Rydell","Katharine Hepburn, Henry Fonda, Doug McKeon, Jane Fonda, Dabney Coleman","0082846","11816","Drama"
"1125","Return of the Pink Panther, The (1975)","1975-05-21","Blake Edwards","Peter Sellers, Christopher Plummer, Catherine Schell, Herbert Lom, Burt Kwouk","0072081","11843","Comedy,Crime"
"1126","Drop Dead Fred (1991)","1991-01-01","Ate de Jong","Rik Mayall, Phoebe Cates, Tim Matheson, Marsha Mason","0101775","10379","Comedy,Fantasy"
"1127","Abyss, The (1989)","1989-01-01","James Cameron","Michael Biehn, Leo Burmester, Ed Harris, Mary Elizabeth Mastrantonio","0096754","2756","Action,Adventure,Sci-Fi,Thriller"
"1128","Fog, The (1980)","1980-01-01","John Carpenter","John Houseman, Adrienne Barbeau, Jamie Lee Curtis, Janet Leigh","0080749","790","Horror"
"1129","Escape from New York (1981)","1981-07-10","John Carpenter","Kurt Russell, Lee Van Cleef, Ernest Borgnine, Donald Pleasence, Isaac Hayes, Harry Dean Stanton, Adrienne Barbeau, John Cothran Jr., Bob Minor, John Diehl, George 'Buck' Flower, Jamie Lee Curtis","0082340","1103","Action,Adventure,Sci-Fi,Thriller"
"1130","Howling, The (1980)","1980-04-10","Joe Dante","Dee Wallace, Patrick Macnee, Dennis Dugan","0082533","11298","Horror,Mystery"
"1131","Jean de Florette (1986)","1987-06-26","Claude Berri","Daniel Auteuil, Gérard Depardieu, Yves Montand, Elisabeth Depardieu","0091288","4480","Drama,Mystery"
"1132","Manon of the Spring (Manon des sources) (1986)","1986-11-05","Claude Berri","Yves Montand, Daniel Auteuil, Emmanuelle Béart, Hippolyte Girardot, Margarita Lozano","0091480","4481","Drama"
"1134","Johnny 100 Pesos (Johnny cien pesos) (1993)","1995-11-10","Gustavo Graef-Marino","Armando Araiza, Patricia Rivera, Willy Semler, Aldo Parodi, Rodolfo Bravo","0107274","49688","Action,Drama"
"1135","Private Benjamin (1980)","1980-10-10","Howard Zieff","Goldie Hawn, Eileen Brennan, Armand Assante, Robert Webber","0081375","10765","Comedy"
"1136","Monty Python and the Holy Grail (1975)","1975-03-14","Terry Gilliam, Terry Jones","Graham Chapman, John Cleese, Eric Idle, Terry Gilliam, Terry Jones, Michael Palin, Connie Booth","0071853","762","Adventure,Comedy,Fantasy"
"1137","Hustler White (1996)","1996-10-04","Rick Castro","Alex Austin, Kevin Kramer, Bruce La Bruce, Tony Ward","0116587","44497","Romance"
"1139","Everything Relative (1996)","1996-09-20","Sharon Pollack","Monica Bell, Ellen McLaughlin, Olivia Negron, Stacy Nelkin, Lynn Cohen, Harvey Fierstein, Andrew McCarthy","0116245","278621","Drama"
"1140","Entertaining Angels: The Dorothy Day Story (1996)","1996-09-27","Michael Ray Rhodes","Martin Sheen, Lenny von Dohlen, Melinda Dillon, Moira Kelly","0116212","99479","Drama"
"1141","Last Call (Hoogste tijd) (1995)","1996-09-27","Frans Weisz","Josse De Pauw, Rijk de Gooyer, Kitty Courbois, Camilla Siegertsz","0113328","NA","Drama"
"1142","Get Over It (1996)","1996-10-04","Nick Katsapetses","Christian Canterbury, Dave McCrea","0116403","NA","Drama"
"1143","Three Lives and Only One Death (Trois vies & une seule mort) (1996)","1996-10-11","Raoul Ruiz","Marcello Mastroianni, Anna Galiena, Marisa Paredes, Melvil Poupaud, Chiara Mastroianni","0117968","55049","Comedy"
"1144","Line King: The Al Hirschfeld Story, The (1996)","1996-10-11","Susan Warms Dryfoos","Lauren Bacall, Carol Channing, Joan Collins, Jules Feiffer, Robert Goulet","0116886","124829","Documentary"
"1145","Snowriders (1996)","1996-10-16","Kurt Miller","","0117677","79306","Documentary"
"1147","When We Were Kings (1996)","1997-02-14","Leon Gast","Muhammad Ali, James Brown, George Foreman, Don King","0118147","10548","Documentary"
"1148","Wallace & Gromit: The Wrong Trousers (1993)","1993-12-03","Nick Park","Peter Sallis","0108598","531","Animation,Children,Comedy,Crime"
"1149","JLG/JLG (JLG/JLG - autoportrait de décembre) (1994)","1995-01-20","Jean-Luc Godard","Jean-Luc Godard, Denis Jadót, Elisabeth Kaza","0110173","104931","Documentary,Drama"
"1150","Return of Martin Guerre, The (Retour de Martin Guerre, Le) (1982)","1983-06-10","Daniel Vigne","Gérard Depardieu, Nathalie Baye, Maurice Barrier, Maurice Jacquemont","0084589","4483","Drama"
"1151","Lesson Faust (1994)","1995-05-07","Jan Svankmajer","Petr Cepek, Jan Kraus, Vladimír Kudla, Antonin Zacpal","0109781","18919","Animation,Comedy,Drama,Fantasy"
"1152","He Walked by Night (1948)","1948-01-01","Alfred L. Werker, Anthony Mann","Richard Basehart, Whit Bissell, Scott Brady, Roy Roberts","0040427","31556","Crime,Film-Noir,Thriller"
"1153","Raw Deal (1948)","1948-05-26","Anthony Mann","John Ireland, Dennis O'Keefe, Marsha Hunt, Claire Trevor","0040723","26167","Film-Noir"
"1154","T-Men (1947)","1947-12-15","Anthony Mann","Wallace Ford, Dennis O'Keefe, Alfred Ryder, Mary Meade","0039881","26174","Film-Noir"
"1156","Children Are Watching Us, The (Bambini ci guardano, I) (1944)","1944-10-27","Vittorio De Sica","Emilio Cigoli, Luciano De Ambrosis, Isa Pola, Adriano Rimoldi, Giovanna Cigoli","0034493","61461","Drama"
"1157","Symphonie pastorale, La (1946)","1946-01-01","Jean Delannoy","Pierre Blanchar, Jacques Louvigny, Michèle Morgan, Line Noro","0039004","117500","Drama"
"1158","Here Comes Cookie (1935)","1935-09-10","Norman Z. McLeod","George Barbier, George Burns, Gracie Allen, Betty Furness","0026465","218713","Comedy"
"1160","Six of a Kind (1934)","1934-01-24","Leo McCarey","George Burns, W.C. Fields, Charles Ruggles, Mary Boland","0025799","127973","Comedy"
"1161","Tin Drum, The (Blechtrommel, Die) (1979)","1979-05-03","Volker Schlöndorff","David Bennent, Angela Winkler, Mario Adorf, Katharina Thalbach, Daniel Olbrychski","0078875","659","Drama,War"
"1162","Ruling Class, The (1972)","1972-09-13","Peter Medak","Harry Andrews, Arthur Lowe, Peter O'Toole, Alastair Sim","0069198","30892","Comedy,Drama"
"1163","Mina Tannenbaum (1994)","1994-01-01","Martine Dugowson","Jean-Philippe Écoffey, Romane Bohringer, Florence Thomassin, Elsa Zylberstein","0110521","86369","Drama"
"1164","2 ou 3 choses que je sais d'elle (2 or 3 Things I Know About Her) (1967)","1970-04-30","Jean-Luc Godard","Joseph Gehrard, Marina Vlady, Anny Duperey","0060304","8074","Drama"
"1166","Farmer & Chase (1997)","1997-01-10","Michael Seitzman","Todd Field, Ben Gazzara, Lara Flynn Boyle, Ron Kaell, David Booth, Steven Anthony Jones","0113031","NA","Comedy"
"1167","Dear God (1996)","1996-11-01","Garry Marshall","Greg Kinnear, Laurie Metcalf, Maria Pitillo, Tim Conway, Hector Elizondo, Jon Seda, Roscoe Lee Browne, Anna Maria Horsford, Donal Logue, Sam McMurray, Nancy Marchand, Larry Miller, Rue McClanahan, Coolio, Toby Huss, Bonnie Aarons, Jack Klugman, Odette Yustman, Marcus Toji, Patrick Richwood, Jim Meskimen, Sean O'Bryan, Jeris Poindexter, Tony Danza, Christopher Darden, David Hasselhoff, Garry Marshall, Cassandra Peterson","0116059","38554","Comedy"
"1168","Bad Moon (1996)","1996-11-01","Eric Red","Mason Gamble, Michael Paré, Ken Pogue, Mariel Hemingway","0115610","49763","Action,Adventure,Horror"
"1169","American Dream (1990)","1990-01-01","Barbara Kopple","","0099028","41326","Documentary"
"1170","Best of the Best 3: No Turning Back (1995)","1996-01-03","Phillip Rhee","Phillip Rhee, Christopher McDonald, Gina Gershon, Mark Rolston, Anzu Lawson, Dee Wallace, Michael Bailey Smith, R. Lee Ermey, Kane Hodder","0112483","36555","Action"
"1171","Bob Roberts (1992)","1992-09-04","Tim Robbins","Tim Robbins, Giancarlo Esposito, Alan Rickman, Ray Wise, Brian Murray, Gore Vidal, David Strathairn, James Spader, Helen Hunt, Eva Amurri, Peter Gallagher, Jack Black, Susan Sarandon, Fred Ward, John Cusack, Bob Balaban, Jeremy Piven, ","0103850","10608","Comedy"
"1172","Cinema Paradiso (Nuovo cinema Paradiso) (1989)","1989-09-20","Giuseppe Tornatore","Marco Leonardi, Philippe Noiret, Jacques Perrin, Salvatore Cascio, Enzo Cannavale","0095765","11216","Drama"
"1173","Cook the Thief His Wife & Her Lover, The (1989)","1989-09-11","Peter Greenaway","Richard Bohringer, Michael Gambon, Helen Mirren, Alan Howard, Tim Roth, Ciarán Hinds, Roger Ashton-Griffiths, Emer Gillespie, Alex Kingston","0097108","7452","Comedy,Drama"
