"849","Escape from L.A. (1996)","1996-08-09","John Carpenter","Kurt Russell, Steve Buscemi, Georges Corraface, A.J. Langer, Stacy Keach, Michelle Forbes, Pam Grier, Peter Fonda, Valeria Golino","0116225","10061","Action,Adventure,Sci-Fi,Thriller"
"850","Cyclo (Xich lo) (1995)","1996-08-02","Anh Hung Tran","Le Van Loc, Tony Leung Chiu Wai, Tran Nu Yên-Khê, Nhu Quynh Nguyen","0112767","36266","Crime,Drama"
"851","Basquiat (1996)","1996-08-16","Julian Schnabel","Jeffrey Wright, Michael Wincott, Benicio Del Toro, Claire Forlani, David Bowie, Dennis Hopper, Gary Oldman, Christopher Walken, Willem Dafoe, Jean-Claude La Marre, Parker Posey, Paul Bartel, Courtney Love, Tatum O'Neal, Chuck Pfeiffer, Michael Badalucco, Joseph R. Gannascoli, Sam Rockwell, Vincent Gallo","0115632","549","Drama"
"852","Tin Cup (1996)","1996-08-16","Ron Shelton","Kevin Costner, Don Johnson, Cheech Marin, Rene Russo","0117918","10478","Comedy,Drama,Romance"
"854","Ballad of Narayama, The (Narayama Bushiko) (1958)","1961-06-19","Keisuke Kinoshita","Kinuyo Tanaka, Teiji Takahashi, Yuko Mochizuki, Danko Ichikawa, Keiko Ogasawara, Seiji Miyaguchi","0051980","116690","Drama"
"855","Every Other Weekend (Un week-end sur deux) (1990)","1991-06-19","Nicole Garcia","Nathalie Baye, Joachim Serreau, Felicie Pasotti, Miki Manojlovic","0100840","213917","Drama"
"856","Mille bolle blu (1993)","1993-01-01","Leone Pompucci","Giacomo Fadda, Matteo Fadda, Stefano Masciarelli, Carla Benedetti","0107575","145925","Comedy"
"857","Crows and Sparrows (Wuya yu maque) (1949)","1949-01-01","Junli Zheng","Dan Zhao, Yinyan Wu, Daolin Sun, Yunzhu Shangguan, Heling Wei, Tianji Li","0042054","100914","Drama"
"858","Godfather, The (1972)","1972-01-01","Francis Ford Coppola","Marlon Brando, Al Pacino, James Caan, Richard S. Castellano, Robert Duvall, Sterling Hayden, John Marley, Richard Conte, Al Lettieri, Diane Keaton, Abe Vigoda, Talia Shire, Gianni Russo, John Cazale, Al Martino, Alex Rocco","0068646","238","Crime,Drama"
"860","Maybe, Maybe Not (Bewegte Mann, Der) (1994)","1996-07-19","Sönke Wortmann","Til Schweiger, Katja Riemann, Joachim Król, Rufus Beck, Armin Rohde","0109255","159","Comedy"
"861","Supercop (Police Story 3: Supercop) (Jing cha gu shi III: Chao ji jing cha) (1992)","1992-07-04","Stanley Tong","Jackie Chan, Michelle Yeoh, Maggie Cheung, Bill Tung, Kenneth Tsang, Wah Yuen","0104558","11134","Action,Comedy,Crime,Thriller"
"862","Manny & Lo (1996)","1996-07-26","Lisa Krueger","Dean Silvers, Scarlett Johansson, Aleksa Palladino, Mary Kay Place","0116985","88224","Drama"
"864","Wife, The (1995)","1996-07-26","Tom Noonan","Tom Noonan, Wallace Shawn, Karen Young, Julie Hagerty","0114936","132641","Comedy,Drama"
"865","Small Faces (1996)","1996-08-09","Gillies MacKinnon","Iain Robertson, Joseph McFadden, Steven Duffy, Laura Fraser, Garry Sweeney, Clare Higgins","0114474","42758","Drama"
"866","Bound (1996)","1996-10-04","Andy Wachowski, Larry Wachowski","Joe Pantoliano, John P. Ryan, Gina Gershon, Jennifer Tilly","0115736","9303","Crime,Drama,Romance,Thriller"
"867","Carpool (1996)","1996-08-23","Arthur Hiller","Tom Arnold, David Paymer, Rod Steiger, Rhea Perlman","0115836","23945","Comedy,Crime"
"868","Death in Brunswick (1991)","1996-08-16","John Ruane","John Clarke, Sam Neill, Zoe Carides, Yvonne Lawley","0101692","37820","Comedy"
"869","Kansas City (1996)","1996-08-16","Robert Altman","Harry Belafonte, Michael Murphy, Jennifer Jason Leigh, Miranda Richardson","0116745","22479","Crime,Drama,Musical,Thriller"
"870","Gone Fishin' (1997)","1997-05-30","Christopher Cain","Danny Glover, Joe Pesci, Rosanna Arquette, Lynn Whitfield","0119214","9054","Comedy"
"872","Vive L'Amour (Ai qing wan sui) (1994)","1996-07-22","Ming-liang Tsai","Chao-jung Chen, Kang-sheng Lee, Kuei-Mei Yang","0109066","11985","Drama"
"873","Shadow of Angels (Schatten der Engel) (1976)","1983-06-01","Daniel Schmid","Ingrid Caven, Rainer Werner Fassbinder, Klaus Löwitsch, Annemarie Düringer, Adrian Hoven","0075169","10232","Drama"
"874","Killer: A Journal of Murder (1995)","1996-09-06","Tim Metcalfe","James Woods, Robert Sean Leonard, Ellen Greene, Cara Buono, Robert John Burke, Richard Riehle, Harold Gould, Jeffrey DeMunn, Steve Forrest, Nicholas Guest, Lili Taylor","0113542","59569","Crime,Drama"
"875","Nothing to Lose (1994)","1994-01-01","Izidore K. Musallam","Youssef Abed-Alnour, Michael V. Gazzo, Paul Gleason, Alexandra Paul","0110693","410921","Action,Crime,Drama"
"876","Supercop 2 (Project S) (Chao ji ji hua) (1993)","1996-08-16","Stanley Tong","Jackie Chan, Michelle Yeoh, Bill Tung, Emil Chau, Rongguang Yu","0106544","38955","Action,Comedy,Crime,Thriller"
"877","Girls Town (1996)","1996-08-23","Jim McKay","Aunjanue Ellis, Anna Grace, Idina Harris, Lili Taylor","0116418","110513","Comedy,Drama"
"878","Bye-Bye (1995)","1996-08-23","Karim Dridi","Philippe Ambrosini, Sami Bouajila, Ouassini Embarek, Nozha Khouadra","0112607","114089","Drama"
"879","Relic, The (1997)","1997-01-10","Peter Hyams","Tom Sizemore, James Whitmore, Linda Hunt, Penelope Ann Miller","0120004","11015","Horror,Thriller"
"880","Island of Dr. Moreau, The (1996)","1996-08-23","John Frankenheimer","Marlon Brando, Ron Perlman, David Thewlis, Fairuza Balk, Val Kilmer, Temuera Morrison, Mark Dacascos","0116654","9306","Sci-Fi,Thriller"
"881","First Kid (1996)","1996-08-30","David M. Evans","Blake Boyd, Timothy Busfield, Brock Pierce, Sinbad, Bill Cobbs","0116311","12559","Children,Comedy"
"882","Trigger Effect, The (1996)","1996-08-30","David Koepp","Richard T. Jones, Kyle MacLachlan, Dermot Mulroney, Elisabeth Shue","0117965","58770","Drama,Thriller"
"884","Sweet Nothing (1996)","1996-09-20","Gary Winick","Michael Imperioli, Mira Sorvino, Paul Calderon","0114592","124851","Drama"
"885","Bogus (1996)","1996-09-06","Norman Jewison","Gérard Depardieu, Denis Mercier, Haley Joel Osment, Whoopi Goldberg","0115725","3587","Children,Drama,Fantasy"
"886","Bulletproof (1996)","1996-09-06","Ernest R. Dickerson","James Caan, Adam Sandler, Jeep Swenson, Damon Wayans","0115783","10723","Action,Comedy,Crime"
"887","Talk of Angels (1998)","1998-10-30","Nick Hamm","Franco Nero, Vincent Perez, Frances McDormand, Polly Walker","0120271","56077","Drama"
"888","Land Before Time III: The Time of the Great Giving (1995)","0000-00-00","Roy Allen Smith","Scott McAfee, Candace Hutson, Heather Hogan","0113596","19004","Adventure,Animation,Children,Musical"
"889","1-900 (06) (1994)","1994-09-01","Theo van Gogh","Ariane Schluter, Ad van Kempen","0109001","101230","Drama,Romance"
"890","Baton Rouge (Bâton rouge) (1988)","1988-10-14","Rafael Moleón","Victoria Abril, Carmen Maura, Antonio Banderas, Ángel de Andrés López, Laura Cepeda","0094822","253632","Thriller"
"891","Halloween: The Curse of Michael Myers (Halloween 6: The Curse of Michael Myers) (1995)","1995-09-29","Joe Chappelle","Donald Pleasence, Paul Rudd, Mitch Ryan, Marianne Hagan","0113253","10987","Horror,Thriller"
"892","Twelfth Night (1996)","1996-10-25","Trevor Nunn","Helena Bonham Carter, Nigel Hawthorne, Imogen Stubbs, Sid Livingstone, Ben Kingsley","0117991","44705","Comedy,Drama,Romance"
"893","Mother Night (1996)","1996-11-01","Keith Gordon","Alan Arkin, Bernard Behrens, Nick Nolte, Sheryl Lee","0117093","20318","Drama"
"894","Liebelei (1933)","1933-01-01","Max Ophüls","Gustaf Gründgens, Paul Hörbiger, Magda Schneider, Luise Ullrich","0024252","43596","Romance"
"895","Venice/Venice (1992)","1992-01-01","Henry Jaglom","Nelly Alard, Suzanne Bertish, David Duchovny, Henry Jaglom","0105729","79782","Drama"
"896","Wild Reeds (Les roseaux sauvages) (1994)","1995-05-10","André Téchiné","Élodie Bouchez, Gaël Morel, Stéphane Rideau, Frédéric Gorny","0111019","26933","Drama"
"897","For Whom the Bell Tolls (1943)","1943-07-14","Sam Wood","Gary Cooper, Arturo de Córdova, Akim Tamiroff, Ingrid Bergman, Katina Paxinou","0035896","27854","Adventure,Drama,Romance,War"
"898","Philadelphia Story, The (1940)","1940-01-01","George Cukor","Cary Grant, James Stewart, Katharine Hepburn, Ruth Hussey","0032904","981","Comedy,Drama,Romance"
"899","Singin' in the Rain (1952)","1952-03-27","Stanley Donen, Gene Kelly","Gene Kelly, Donald O'Connor, Jean Hagen, Debbie Reynolds, Cyd Charisse, Rita Moreno","0045152","872","Comedy,Musical,Romance"
"900","American in Paris, An (1951)","1951-10-04","Vincente Minnelli","Georges Guétary, Gene Kelly, Oscar Levant, Leslie Caron","0043278","2769","Musical,Romance"
"901","Funny Face (1957)","1957-01-01","Stanley Donen","Fred Astaire, Michel Auclair, Audrey Hepburn, Kay Thompson","0050419","13320","Comedy,Musical"
"902","Breakfast at Tiffany's (1961)","1961-10-05","Blake Edwards","Audrey Hepburn, George Peppard, Patricia Neal, Buddy Ebsen, Martin Balsam, Mickey Rooney","0054698","164","Drama,Romance"
"903","Vertigo (1958)","1958-05-09","Alfred Hitchcock","James Stewart, Barbara Bel Geddes, Kim Novak, Tom Helmore, Henry Jones, Ellen Corby","0052357","426","Drama,Mystery,Romance,Thriller"
"904","Rear Window (1954)","1954-08-01","Alfred Hitchcock","James Stewart, Grace Kelly, Thelma Ritter, Wendell Corey, Raymond Burr","0047396","567","Mystery,Thriller"
"905","It Happened One Night (1934)","1934-02-22","Frank Capra","Walter Connolly, Clark Gable, Roscoe Karns, Claudette Colbert","0025316","3078","Comedy,Romance"
"906","Gaslight (1944)","1944-05-04","George Cukor","Charles Boyer, Ingrid Bergman, Joseph Cotten, Dame May Whitty, Angela Lansbury, Barbara Everest, Emil Rameau, Edmund Breon, Halliwell Hobbes, Tom Stevenson, Jakob Gimpel","0036855","13528","Drama,Thriller"
"907","Gay Divorcee, The (1934)","1934-10-12","Mark Sandrich","Fred Astaire, Edward Everett Horton, Alice Brady, Ginger Rogers","0025164","28288","Comedy,Musical,Romance"
"908","North by Northwest (1959)","1959-07-17","Alfred Hitchcock","Cary Grant, Eva Marie Saint, James Mason, Jessie Royce Landis, Leo G. Carroll","0053125","213","Action,Adventure,Mystery,Romance,Thriller"
"909","Apartment, The (1960)","1960-06-21","Billy Wilder","Jack Lemmon, Fred MacMurray, Shirley MacLaine, Ray Walston","0053604","284","Comedy,Drama,Romance"
"910","Some Like It Hot (1959)","1959-03-29","Billy Wilder","Tony Curtis, Jack Lemmon, Marilyn Monroe, George Raft, Pat O'Brien","0053291","239","Comedy,Crime"
"911","Charade (1963)","1963-12-05","Stanley Donen","James Coburn, Cary Grant, Walter Matthau, Audrey Hepburn","0056923","4808","Comedy,Crime,Mystery,Romance,Thriller"
"912","Casablanca (1942)","1942-12-26","Michael Curtiz","Humphrey Bogart, Ingrid Bergman, Paul Henreid, Claude Rains, Sydney Greenstreet, Peter Lorre, Dooley Wilson, Conrad Veidt","0034583","289","Drama,Romance"
"913","Maltese Falcon, The (1941)","1941-10-03","John Huston","Humphrey Bogart, Peter Lorre, Mary Astor, Elisha Cook Jr., Gladys George, Sydney Greenstreet","0033870","963","Film-Noir,Mystery"
"914","My Fair Lady (1964)","1964-12-25","George Cukor","Audrey Hepburn, Rex Harrison, Stanley Holloway, Wilfrid Hyde-White","0058385","11113","Comedy,Drama,Musical,Romance"
"915","Sabrina (1954)","1954-01-01","Billy Wilder","Humphrey Bogart, Walter Hampden, William Holden, Audrey Hepburn","0047437","6620","Comedy,Romance"
"916","Roman Holiday (1953)","1953-01-01","William Wyler","Eddie Albert, Gregory Peck, Hartley Power, Audrey Hepburn","0046250","804","Comedy,Drama,Romance"
"917","Little Princess, The (1939)","1939-03-10","Walter Lang","Richard Greene, Ian Hunter, Anita Louise, Shirley Temple","0031580","26531","Children,Drama"
"918","Meet Me in St. Louis (1944)","1944-01-01","Vincente Minnelli","Judy Garland, Margaret O'Brien, Mary Astor, Lucille Bremer, Leon Ames, Tom Drake","0037059","909","Musical"
"919","Wizard of Oz, The (1939)","1939-08-25","Victor Fleming","Judy Garland, Frank Morgan, Ray Bolger, Bert Lahr, Jack Haley, Margaret Hamilton","0032138","630","Adventure,Children,Fantasy,Musical"
"920","Gone with the Wind (1939)","1939-12-28","Victor Fleming, George Cukor, Sam Wood","Clark Gable, Vivien Leigh, Leslie Howard, Olivia de Havilland, Thomas Mitchell, Hattie McDaniel, Butterfly McQueen","0031381","770","Drama,Romance,War"
"921","My Favorite Year (1982)","1982-10-01","Richard Benjamin","Peter O'Toole, Mark Linn-Baker, Jessica Harper, Joseph Bologna, Bill Macy, Lainie Kazan, Anne De Salvo, Basil Hoffman, Lou Jacobi","0084370","31044","Comedy"
"922","Sunset Blvd. (a.k.a. Sunset Boulevard) (1950)","1950-08-04","Billy Wilder","William Holden, Gloria Swanson, Erich von Stroheim","0043014","599","Drama,Film-Noir,Romance"
"923","Citizen Kane (1941)","1941-05-01","Orson Welles","Orson Welles, Joseph Cotten, Dorothy Comingore, Agnes Moorehead, Ruth Warrick","0033467","15","Drama,Mystery"
"924","2001: A Space Odyssey (1968)","1968-04-02","Stanley Kubrick","Keir Dullea, Gary Lockwood, William Sylvester, Daniel Richter, Douglas Rain","0062622","62","Adventure,Drama,Sci-Fi"
"925","Golden Earrings (1947)","1947-08-27","Mitchell Leisen","Ray Milland, Marlene Dietrich, Bruce Lester, Murvyn Vye","0039428","121357","Adventure,Romance,War"
"926","All About Eve (1950)","1950-10-13","Joseph L. Mankiewicz","George Sanders, Anne Baxter, Bette Davis, Celeste Holm, Gary Merrill, Hugh Marlowe","0042192","705","Drama"
"927","Women, The (1939)","1939-01-01","George Cukor","Mary Boland, Joan Crawford, Rosalind Russell, Norma Shearer","0032143","22490","Comedy"
"928","Rebecca (1940)","1940-04-12","Alfred Hitchcock","Joan Fontaine, Laurence Olivier, George Sanders, Judith Anderson, Florence Bates, Nigel Bruce, Leo G. Carroll","0032976","223","Drama,Mystery,Romance,Thriller"
"929","Foreign Correspondent (1940)","1940-01-01","Alfred Hitchcock","Herbert Marshall, Joel McCrea, George Sanders, Laraine Day","0032484","25670","Drama,Film-Noir,Mystery,Thriller"
"930","Notorious (1946)","1946-09-06","Alfred Hitchcock","Louis Calhern, Cary Grant, Claude Rains, Ingrid Bergman","0038787","303","Film-Noir,Romance,Thriller"
"931","Spellbound (1945)","1945-01-01","Alfred Hitchcock","Leo G. Carroll, Michael Chekhov, Gregory Peck, Ingrid Bergman","0038109","4174","Mystery,Romance,Thriller"
"932","Affair to Remember, An (1957)","1957-07-11","Leo McCarey","Richard Denning, Cary Grant, Deborah Kerr, Neva Patterson, Cathleen Nesbitt","0050105","8356","Drama,Romance"
"933","To Catch a Thief (1955)","1955-08-05","Alfred Hitchcock","Cary Grant, Grace Kelly, Jessie Royce Landis, John Williams, Brigitte Auber","0048728","381","Crime,Mystery,Romance,Thriller"
"934","Father of the Bride (1950)","1950-01-01","Vincente Minnelli","Don Taylor, Spencer Tracy, Joan Bennett, Elizabeth Taylor","0042451","20758","Comedy"
"935","Band Wagon, The (1953)","1953-01-01","Vincente Minnelli","Fred Astaire, Oscar Levant, Cyd Charisse, Nanette Fabray","0045537","29376","Comedy,Musical"
"936","Ninotchka (1939)","1939-10-06","Ernst Lubitsch","Greta Garbo, Melvyn Douglas, Ina Claire, Bela Lugosi","0031725","1859","Comedy,Romance"
"937","Love in the Afternoon (1957)","1957-07-30","Billy Wilder","Gary Cooper, Audrey Hepburn, Maurice Chevalier, Van Doude","0050658","18299","Comedy,Romance"
"938","Gigi (1958)","1958-05-15","Vincente Minnelli","Maurice Chevalier, Louis Jourdan, Leslie Caron, Hermione Gingold","0051658","17281","Musical"
"939","Reluctant Debutante, The (1958)","1958-01-01","Vincente Minnelli","Rex Harrison, John Saxon, Sandra Dee, Kay Kendall","0052126","64382","Comedy,Drama"
"940","Adventures of Robin Hood, The (1938)","1938-04-25","Michael Curtiz, William Keighley","Errol Flynn, Claude Rains, Basil Rathbone, Olivia de Havilland","0029843","10907","Action,Adventure,Romance"
"941","Mark of Zorro, The (1940)","1940-01-01","Rouben Mamoulian","Tyrone Power, Basil Rathbone, Linda Darnell, Gale Sondergaard","0032762","32093","Adventure"
"942","Laura (1944)","1944-01-01","Otto Preminger, Rouben Mamoulian","Dana Andrews, Vincent Price, Clifton Webb, Gene Tierney","0037008","1939","Crime,Film-Noir,Mystery"
"943","Ghost and Mrs. Muir, The (1947)","1947-06-26","Joseph L. Mankiewicz","Rex Harrison, Gene Tierney, George Sanders, Edna Best","0039420","22292","Drama,Fantasy,Romance"
"944","Lost Horizon (1937)","1937-01-01","Frank Capra","Ronald Colman, John Howard, Margo, Jane Wyatt","0029162","3598","Drama"
"945","Top Hat (1935)","1935-09-06","Mark Sandrich","Fred Astaire, Ginger Rogers, Edward Everett Horton, Erik Rhodes, Eric Blore, Helen Broderick, Lucille Ball, Gino Corrado","0027125","3080","Comedy,Musical,Romance"
"946","To Be or Not to Be (1942)","1942-01-01","Ernst Lubitsch","Jack Benny, Felix Bressart, Robert Stack, Carole Lombard","0035446","198","Comedy,Drama,War"
"947","My Man Godfrey (1936)","1936-01-01","Gregory La Cava","William Powell, Alice Brady, Carole Lombard, Gail Patrick, Mischa Auer","0028010","13562","Comedy,Romance"
"948","Giant (1956)","1956-01-01","George Stevens","James Dean, Rock Hudson, Carroll Baker, Elizabeth Taylor","0049261","1712","Drama,Romance,Western"
"949","East of Eden (1955)","1955-04-10","Elia Kazan","James Dean, Burl Ives, Raymond Massey, Julie Harris, Jo Van Fleet, Albert Dekker","0048028","220","Drama"
"950","Thin Man, The (1934)","1934-01-01","W.S. Van Dyke","Nat Pendleton, William Powell, Myrna Loy, Maureen O'Sullivan","0025878","3529","Comedy,Crime"
"951","His Girl Friday (1940)","1940-01-01","Howard Hawks","Cary Grant, Rosalind Russell, Ralph Bellamy, Gene Lockhart","0032599","3085","Comedy,Romance"
"952","Around the World in 80 Days (1956)","1956-10-17","Michael Anderson","David Niven, Cantinflas, Shirley MacLaine, Edward R. Murrow, Finlay Currie, Robert Morley, Noel Coward, John Gielgud, Trevor Howard, Charles Boyer, Cesar Romero","0048960","2897","Adventure,Comedy"
"953","It's a Wonderful Life (1946)","1946-12-20","Frank Capra","James Stewart,Donna Reed,Lionel Barrymore,Thomas Mitchell,Henry Travers,Beulah Bondi,Frank Faylen,Ward Bond,Gloria Grahame,H.B. Warner,Samuel S. Hinds,Frank Albertson,Sheldon Leonard,Frank Hagney,Charles Lane,Ellen Corby,Charles Halton,Carl 'Alfalfa' Switzer","0038650","1585","Children,Drama,Fantasy,Romance"
"954","Mr. Smith Goes to Washington (1939)","1939-10-17","Frank Capra","Edward Arnold, Claude Rains, James Stewart, Jean Arthur","0031679","3083","Drama"
